java_version,seed,num_measurements,start_elapsed_ms,end_elapsed_ms,total_elapsed_ms,total_elapsed_sec,avg_fps,avg_frame_count,sum_frame_count,test_id
8,1943520067,119,1735.906,120620.226,118884.31999999999,118.88431999999999,0.48114685448148914,78.65546218487395,9360.0,2
22,4031530085,119,2039.555,120905.646,118866.091,118.866091,0.4290988575573074,79.3529411764706,9443.0,2
22,3530267704,118,1973.801,120002.399,118028.598,118.028598,0.64341718545799,80.95762711864407,9553.0,2
8,3534201447,119,1747.557,120787.356,119039.799,119.039799,0.601984416519139,78.58823529411765,9352.0,2
8,3724544668,119,1725.316,120568.147,118842.83099999999,118.84283099999999,0.5769010598043997,81.94117647058823,9751.0,2
8,1033437363,119,1773.39,120724.75,118951.36,118.95136,0.6303298463185437,79.71428571428571,9486.0,2
22,4129079762,119,2052.748,120690.641,118637.893,118.63789299999999,0.7482658130114258,103.54621848739495,12322.0,2
8,779353579,119,1778.995,120446.634,118667.63900000001,118.66763900000001,0.7312742315654956,105.91596638655462,12604.0,2
8,197181812,119,1706.969,120667.731,118960.762,118.960762,0.5311474636694248,76.08403361344538,9054.0,2
22,2882986532,119,1920.702,120841.729,118921.027,118.921027,0.41872310634498067,81.36974789915966,9683.0,2
22,2663508704,119,2017.661,120913.481,118895.82,118.89582,0.44616849185190377,79.99159663865547,9519.0,2
8,4163503295,119,1732.264,120551.559,118819.295,118.819295,0.35883382425592025,78.26050420168067,9313.0,2
22,1943520067,119,1959.341,120817.361,118858.02,118.85802000000001,0.5378422758627331,82.03361344537815,9762.0,2
8,3053474506,118,1731.533,120073.04,118341.507,118.341507,0.3496578054358399,59.58474576271186,7031.0,2
8,1774789858,119,1736.835,120378.404,118641.56899999999,118.64156899999999,0.7482725857181592,107.42857142857143,12784.0,2
8,3411503267,119,1851.518,120983.112,119131.594,119.13159399999999,0.2751754679840578,52.20168067226891,6212.0,2
22,2852405230,119,1920.561,120816.911,118896.34999999999,118.89635,0.6756093930341593,81.30252100840336,9675.0,2
22,3724544668,119,1914.918,120867.025,118952.10699999999,118.95210699999998,0.5048878874840695,81.3529411764706,9681.0,2
22,1033437363,119,1992.992,120925.67,118932.678,118.932678,0.49839338544422357,82.19327731092437,9781.0,2
22,197181812,119,1994.737,120986.878,118992.141,118.992141,0.6662625133636598,84.12605042016807,10011.0,2
22,4163503295,119,1891.391,120851.181,118959.79,118.95979,0.6222268721229851,79.04201680672269,9406.0,2
22,3411503267,119,1990.252,120813.457,118823.205,118.823205,0.46559133617488474,83.0,9877.0,2
8,4129079762,119,1715.668,120417.916,118702.24799999999,118.702248,0.7822743140398515,105.2016806722689,12519.0,2
8,2986831233,119,1753.493,120672.526,118919.033,118.919033,0.5959443321199939,82.12605042016807,9773.0,2
8,3530267704,119,1742.122,120874.218,119132.09599999999,119.13209599999999,0.3338956315906387,80.03361344537815,9524.0,2
8,3385079617,119,1768.476,120641.357,118872.88100000001,118.872881,0.4760333324299493,83.15126050420169,9895.0,2
22,3053474506,119,1933.305,120673.163,118739.85800000001,118.73985800000001,0.36598298568084725,61.42016806722689,7309.0,2
22,3497448862,119,1961.372,120948.389,118987.01699999999,118.987017,0.601015073589395,79.39495798319328,9448.0,2
8,3497448862,119,1744.444,120980.069,119235.625,119.235625,0.19722673691770737,54.596638655462186,6497.0,2
22,1646684781,119,1968.12,120819.736,118851.61600000001,118.851616,0.5896198263118747,82.30252100840336,9794.0,2
8,1646684781,119,1767.053,120746.524,118979.471,118.979471,0.19505489725238462,74.58823529411765,8876.0,2
22,2986831233,119,1922.343,120836.984,118914.641,118.914641,0.650895909010408,81.46218487394958,9694.0,2
22,3385079617,119,2002.176,120842.761,118840.58499999999,118.84058499999999,0.7289050222372412,77.05042016806723,9169.0,2
22,1774789858,119,1915.628,120449.81,118534.182,118.534182,0.7715356017522116,107.50420168067227,12793.0,2
8,2663508704,119,1746.414,120911.521,119165.10699999999,119.16510699999999,0.234732587163055,54.64705882352941,6503.0,2
22,779353579,119,1950.871,120531.434,118580.563,118.580563,0.7522839149320713,106.23529411764706,12642.0,2
22,3534201447,119,1907.614,120812.877,118905.26299999999,118.90526299999999,0.7511784764100481,79.43697478991596,9453.0,2
8,2852405230,119,1783.656,120672.339,118888.683,118.888683,0.3404511321621341,78.49579831932773,9341.0,2
8,4031530085,118,1769.131,120053.718,118284.587,118.284587,0.3317057146020695,52.05084745762712,6142.0,2
8,2882986532,119,1735.131,120615.203,118880.072,118.880072,0.44527106192133226,83.21848739495799,9903.0,2
Pivoted Results:,,,,,,,,,,2
,total_elapsed_sec,total_elapsed_sec,avg_fps,avg_fps,avg_frame_count,avg_frame_count,sum_frame_count,sum_frame_count,,2
java_version,22,8,22,8,22,8,22,8,,2
seed,,,,,,,,,,2
1033437363,118.932678,118.95136,0.49839338544422357,0.6303298463185437,82.19327731092437,79.71428571428571,9781.0,9486.0,,2
1646684781,118.851616,118.979471,0.5896198263118747,0.19505489725238462,82.30252100840336,74.58823529411765,9794.0,8876.0,,2
1774789858,118.534182,118.64156899999999,0.7715356017522116,0.7482725857181592,107.50420168067227,107.42857142857143,12793.0,12784.0,,2
1943520067,118.85802000000001,118.88431999999999,0.5378422758627331,0.48114685448148914,82.03361344537815,78.65546218487395,9762.0,9360.0,,2
197181812,118.992141,118.960762,0.6662625133636598,0.5311474636694248,84.12605042016807,76.08403361344538,10011.0,9054.0,,2
2663508704,118.89582,119.16510699999999,0.44616849185190377,0.234732587163055,79.99159663865547,54.64705882352941,9519.0,6503.0,,2
2852405230,118.89635,118.888683,0.6756093930341593,0.3404511321621341,81.30252100840336,78.49579831932773,9675.0,9341.0,,2
2882986532,118.921027,118.880072,0.41872310634498067,0.44527106192133226,81.36974789915966,83.21848739495799,9683.0,9903.0,,2
2986831233,118.914641,118.919033,0.650895909010408,0.5959443321199939,81.46218487394958,82.12605042016807,9694.0,9773.0,,2
3053474506,118.73985800000001,118.341507,0.36598298568084725,0.3496578054358399,61.42016806722689,59.58474576271186,7309.0,7031.0,,2
3385079617,118.84058499999999,118.872881,0.7289050222372412,0.4760333324299493,77.05042016806723,83.15126050420169,9169.0,9895.0,,2
3411503267,118.823205,119.13159399999999,0.46559133617488474,0.2751754679840578,83.0,52.20168067226891,9877.0,6212.0,,2
3497448862,118.987017,119.235625,0.601015073589395,0.19722673691770737,79.39495798319328,54.596638655462186,9448.0,6497.0,,2
3530267704,118.028598,119.13209599999999,0.64341718545799,0.3338956315906387,80.95762711864407,80.03361344537815,9553.0,9524.0,,2
3534201447,118.90526299999999,119.039799,0.7511784764100481,0.601984416519139,79.43697478991596,78.58823529411765,9453.0,9352.0,,2
3724544668,118.95210699999998,118.84283099999999,0.5048878874840695,0.5769010598043997,81.3529411764706,81.94117647058823,9681.0,9751.0,,2
4031530085,118.866091,118.284587,0.4290988575573074,0.3317057146020695,79.3529411764706,52.05084745762712,9443.0,6142.0,,2
4129079762,118.63789299999999,118.702248,0.7482658130114258,0.7822743140398515,103.54621848739495,105.2016806722689,12322.0,12519.0,,2
4163503295,118.95979,118.819295,0.6222268721229851,0.35883382425592025,79.04201680672269,78.26050420168067,9406.0,9313.0,,2
779353579,118.580563,118.66763900000001,0.7522839149320713,0.7312742315654956,106.23529411764706,105.91596638655462,12642.0,12604.0,,2
Differences (Java22 - Java8):,,,,,,,,,,2
seed,total_elapsed_sec_diff,avg_fps_diff,avg_frame_count_diff,sum_frame_count_diff,,,,,,2
1033437363,-0.01868199999999831,-0.13193646087432015,2.4789915966386644,295.0,,,,,,2
1646684781,-0.12785499999999672,0.3945649290594901,7.714285714285708,918.0,,,,,,2
1774789858,-0.10738699999998857,0.023263016034052342,0.07563025210083651,9.0,,,,,,2
1943520067,-0.026299999999977786,0.056695421381244004,3.378151260504197,402.0,,,,,,2
197181812,0.031379000000001156,0.13511504969423505,8.042016806722685,957.0,,,,,,2
2663508704,-0.2692869999999914,0.21143590468884876,25.344537815126053,3016.0,,,,,,2
2852405230,0.00766699999999787,0.33515826087202527,2.8067226890756274,334.0,,,,,,2
2882986532,0.040954999999996744,-0.02654795557635159,-1.848739495798327,-220.0,,,,,,2
2986831233,-0.004391999999995733,0.05495157689041408,-0.6638655462184886,-79.0,,,,,,2
3053474506,0.39835100000001944,0.016325180245007342,1.8354223045150277,278.0,,,,,,2
3385079617,-0.032296000000016534,0.2528716898072919,-6.100840336134453,-726.0,,,,,,2
3411503267,-0.30838899999999114,0.19041586819082695,30.798319327731093,3665.0,,,,,,2
3497448862,-0.24860800000000438,0.4037883366716876,24.798319327731093,2951.0,,,,,,2
3530267704,-1.1034979999999877,0.3095215538673513,0.9240136732659181,29.0,,,,,,2
3534201447,-0.1345360000000113,0.14919405989090906,0.8487394957983128,101.0,,,,,,2
3724544668,0.10927599999999416,-0.07201317232033011,-0.5882352941176379,-70.0,,,,,,2
4031530085,0.5815039999999954,0.09739314295523793,27.302093718843473,3301.0,,,,,,2
4129079762,-0.06435500000000616,-0.034008501028425675,-1.6554621848739544,-197.0,,,,,,2
4163503295,0.14049500000000137,0.26339304786706486,0.7815126050420105,93.0,,,,,,2
779353579,-0.08707600000001037,0.021009683366575604,0.31932773109244295,38.0,,,,,,2
8,1943520067,119,1713.388,120613.974,118900.586,118.90058599999999,0.44911626744892474,75.77310924369748,9017.0,5
22,4031530085,119,1983.001,120904.915,118921.91399999999,118.92191399999999,0.5826991417365129,79.32773109243698,9440.0,5
22,3530267704,119,1883.174,120824.61,118941.436,118.941436,0.5477332032728315,77.47899159663865,9220.0,5
8,3534201447,119,1744.759,120685.897,118941.13799999999,118.941138,0.6170265300566418,78.30252100840336,9318.0,5
8,3724544668,119,1823.064,120784.01,118960.946,118.96094599999999,0.5932121285974585,79.7983193277311,9496.0,5
8,1033437363,119,1726.424,120666.111,118939.687,118.939687,0.6853844752458443,80.2016806722689,9544.0,5
22,4129079762,119,2009.879,120660.311,118650.432,118.650432,0.7544198158841289,103.94117647058823,12369.0,5
8,779353579,119,1731.094,120370.731,118639.637,118.63963700000001,0.7505932760859109,106.47899159663865,12671.0,5
8,197181812,119,1742.66,120695.094,118952.434,118.952434,0.7595734066593111,81.77310924369748,9731.0,5
22,2882986532,119,2026.138,120933.035,118906.897,118.906897,0.5799187901264966,81.43697478991596,9691.0,5
22,2663508704,119,1914.016,120876.954,118962.938,118.962938,0.5382882353693772,81.77310924369748,9731.0,5
8,4163503295,118,1780.485,120125.958,118345.473,118.345473,0.36310024431738186,55.41525423728814,6539.0,5
22,1943520067,119,1958.817,120894.188,118935.371,118.935371,0.6073198520836317,80.96638655462185,9635.0,5
8,3053474506,118,1718.965,120050.904,118331.939,118.331939,0.3072855826281029,60.347457627118644,7121.0,5
8,1774789858,119,1708.143,120342.356,118634.213,118.634213,0.7238915827730354,106.38655462184875,12660.0,5
8,3411503267,119,1740.777,120618.456,118877.679,118.877679,0.5816483023583343,81.00840336134453,9640.0,5
22,2852405230,119,1941.076,120824.177,118883.101,118.883101,0.48010946627671414,79.18487394957984,9423.0,5
22,3724544668,119,1950.342,120882.431,118932.08899999999,118.93208899999999,0.6888342408636741,80.38655462184875,9566.0,5
22,1033437363,119,1971.627,120873.683,118902.05600000001,118.90205600000002,0.7801489002494452,81.14285714285714,9656.0,5
22,197181812,119,1926.571,120944.638,119018.06700000001,119.01806700000002,0.6375540039408315,75.15126050420169,8943.0,5
22,4163503295,119,1924.895,120876.022,118951.127,118.951127,0.5349941407222223,80.5546218487395,9586.0,5
22,3411503267,119,1893.55,120816.673,118923.12299999999,118.92312299999999,0.6148239571035371,76.99159663865547,9162.0,5
8,4129079762,119,1761.706,120490.004,118728.298,118.728298,0.7109424524051712,105.74789915966386,12584.0,5
8,2986831233,119,1744.804,120709.749,118964.94499999999,118.96494499999999,0.43647114387369845,81.26890756302521,9671.0,5
8,3530267704,119,1827.944,120763.512,118935.568,118.935568,0.5232992041325398,84.18487394957984,10018.0,5
8,3385079617,119,1779.857,120778.534,118998.677,118.998677,0.2144501807844682,80.84873949579831,9621.0,5
22,3053474506,119,1948.067,120615.06,118666.993,118.666993,0.3623670899157497,61.51260504201681,7320.0,5
22,3497448862,119,1989.66,120910.798,118921.13799999999,118.92113799999998,0.687823040304941,80.78151260504201,9613.0,5
8,3497448862,119,1736.884,120684.352,118947.468,118.94746799999999,0.5173403279453725,83.15126050420169,9895.0,5
22,1646684781,119,2021.649,120884.639,118862.98999999999,118.86299,0.7434808667093987,79.11764705882354,9415.0,5
8,1646684781,119,1750.491,120684.1,118933.60900000001,118.93360900000002,0.21861566642587332,80.56302521008404,9587.0,5
22,2986831233,119,2010.973,120953.0,118942.027,118.942027,0.48022479547136426,80.89915966386555,9627.0,5
22,3385079617,119,2009.607,120875.838,118866.231,118.866231,0.7596647596171363,82.67226890756302,9838.0,5
22,1774789858,119,1908.093,120557.827,118649.73400000001,118.64973400000001,0.7892515098322165,107.3781512605042,12778.0,5
8,2663508704,118,1739.445,120071.566,118332.121,118.332121,0.22734162393990162,50.71186440677966,5984.0,5
22,779353579,119,2002.2,120659.67,118657.47,118.65747,0.784048859317134,106.42857142857143,12665.0,5
22,3534201447,119,1910.823,120889.949,118979.12599999999,118.979126,0.4387259144441564,81.03361344537815,9643.0,5
8,2852405230,119,1763.022,121012.892,119249.87000000001,119.24987000000002,0.4226097793238347,54.02521008403362,6429.0,5
8,4031530085,119,1771.207,120670.442,118899.235,118.899235,0.6216734704920935,79.72268907563026,9487.0,5
8,2882986532,119,1743.34,120765.547,119022.20700000001,119.02220700000001,0.5281717525266777,79.83193277310924,9500.0,5
Pivoted Results:,,,,,,,,,,5
,total_elapsed_sec,total_elapsed_sec,avg_fps,avg_fps,avg_frame_count,avg_frame_count,sum_frame_count,sum_frame_count,,5
java_version,22,8,22,8,22,8,22,8,,5
seed,,,,,,,,,,5
1033437363,118.90205600000002,118.939687,0.7801489002494452,0.6853844752458443,81.14285714285714,80.2016806722689,9656.0,9544.0,,5
1646684781,118.86299,118.93360900000002,0.7434808667093987,0.21861566642587332,79.11764705882354,80.56302521008404,9415.0,9587.0,,5
1774789858,118.64973400000001,118.634213,0.7892515098322165,0.7238915827730354,107.3781512605042,106.38655462184875,12778.0,12660.0,,5
1943520067,118.935371,118.90058599999999,0.6073198520836317,0.44911626744892474,80.96638655462185,75.77310924369748,9635.0,9017.0,,5
197181812,119.01806700000002,118.952434,0.6375540039408315,0.7595734066593111,75.15126050420169,81.77310924369748,8943.0,9731.0,,5
2663508704,118.962938,118.332121,0.5382882353693772,0.22734162393990162,81.77310924369748,50.71186440677966,9731.0,5984.0,,5
2852405230,118.883101,119.24987000000002,0.48010946627671414,0.4226097793238347,79.18487394957984,54.02521008403362,9423.0,6429.0,,5
2882986532,118.906897,119.02220700000001,0.5799187901264966,0.5281717525266777,81.43697478991596,79.83193277310924,9691.0,9500.0,,5
2986831233,118.942027,118.96494499999999,0.48022479547136426,0.43647114387369845,80.89915966386555,81.26890756302521,9627.0,9671.0,,5
3053474506,118.666993,118.331939,0.3623670899157497,0.3072855826281029,61.51260504201681,60.347457627118644,7320.0,7121.0,,5
3385079617,118.866231,118.998677,0.7596647596171363,0.2144501807844682,82.67226890756302,80.84873949579831,9838.0,9621.0,,5
3411503267,118.92312299999999,118.877679,0.6148239571035371,0.5816483023583343,76.99159663865547,81.00840336134453,9162.0,9640.0,,5
3497448862,118.92113799999998,118.94746799999999,0.687823040304941,0.5173403279453725,80.78151260504201,83.15126050420169,9613.0,9895.0,,5
3530267704,118.941436,118.935568,0.5477332032728315,0.5232992041325398,77.47899159663865,84.18487394957984,9220.0,10018.0,,5
3534201447,118.979126,118.941138,0.4387259144441564,0.6170265300566418,81.03361344537815,78.30252100840336,9643.0,9318.0,,5
3724544668,118.93208899999999,118.96094599999999,0.6888342408636741,0.5932121285974585,80.38655462184875,79.7983193277311,9566.0,9496.0,,5
4031530085,118.92191399999999,118.899235,0.5826991417365129,0.6216734704920935,79.32773109243698,79.72268907563026,9440.0,9487.0,,5
4129079762,118.650432,118.728298,0.7544198158841289,0.7109424524051712,103.94117647058823,105.74789915966386,12369.0,12584.0,,5
4163503295,118.951127,118.345473,0.5349941407222223,0.36310024431738186,80.5546218487395,55.41525423728814,9586.0,6539.0,,5
779353579,118.65747,118.63963700000001,0.784048859317134,0.7505932760859109,106.42857142857143,106.47899159663865,12665.0,12671.0,,5
Differences (Java22 - Java8):,,,,,,,,,,5
seed,total_elapsed_sec_diff,avg_fps_diff,avg_frame_count_diff,sum_frame_count_diff,,,,,,5
1033437363,-0.03763099999999042,0.09476442500360083,0.941176470588232,112.0,,,,,,5
1646684781,-0.07061900000002197,0.5248652002835255,-1.445378151260499,-172.0,,,,,,5
1774789858,0.01552100000000678,0.06535992705918103,0.9915966386554516,118.0,,,,,,5
1943520067,0.03478500000001361,0.15820358463470696,5.193277310924373,618.0,,,,,,5
197181812,0.06563300000001959,-0.12201940271847955,-6.621848739495789,-788.0,,,,,,5
2663508704,0.6308169999999933,0.31094661142947555,31.061244836917815,3747.0,,,,,,5
2852405230,-0.3667690000000192,0.057499686952879436,25.15966386554622,2994.0,,,,,,5
2882986532,-0.11531000000000802,0.05174703759981891,1.6050420168067205,191.0,,,,,,5
2986831233,-0.022917999999990002,0.04375365159766581,-0.36974789915966255,-44.0,,,,,,5
3053474506,0.3350539999999995,0.05508150728764677,1.1651474148981649,199.0,,,,,,5
3385079617,-0.13244600000000162,0.5452145788326681,1.82352941176471,217.0,,,,,,5
3411503267,0.04544399999998916,0.03317565474520279,-4.0168067226890685,-478.0,,,,,,5
3497448862,-0.02633000000000152,0.17048271235956847,-2.3697478991596768,-282.0,,,,,,5
3530267704,0.005867999999992435,0.02443399914029165,-6.705882352941188,-798.0,,,,,,5
3534201447,0.03798799999999858,-0.1783006156124854,2.731092436974791,325.0,,,,,,5
3724544668,-0.02885700000000213,0.09562211226621553,0.5882352941176521,70.0,,,,,,5
4031530085,0.022678999999982352,-0.0389743287555806,-0.39495798319327946,-47.0,,,,,,5
4129079762,-0.07786600000000021,0.0434773634789577,-1.8067226890756274,-215.0,,,,,,5
4163503295,0.6056540000000012,0.17189389640484043,25.139367611451362,3047.0,,,,,,5
779353579,0.01783299999999599,0.03345558323122311,-0.050420168067219606,-6.0,,,,,,5
8,1943520067,119,1752.787,120650.976,118898.189,118.898189,0.5975399291877569,80.76470588235294,9611.0,8
22,4031530085,119,1976.193,120936.135,118959.942,118.959942,0.6171561986131268,82.05882352941177,9765.0,8
22,3530267704,119,2013.616,120957.792,118944.176,118.94417600000001,0.7152568011860704,81.01680672268908,9641.0,8
8,3534201447,119,1765.432,120621.61,118856.178,118.856178,0.46383693715780366,78.81512605042016,9379.0,8
8,3724544668,119,1812.381,120825.225,119012.84400000001,119.01284400000002,0.5209342736745451,80.14285714285714,9537.0,8
8,1033437363,119,1751.091,120660.974,118909.883,118.90988300000001,0.5705350525282689,81.47899159663865,9696.0,8
22,4129079762,119,1944.859,120624.126,118679.267,118.67926700000001,0.7904039349114426,104.17647058823529,12397.0,8
8,779353579,119,1766.607,120428.863,118662.256,118.662256,0.7832950973014873,105.67226890756302,12575.0,8
8,197181812,119,1744.509,120855.613,119111.10399999999,119.111104,0.46379264844275503,59.89915966386555,7128.0,8
22,2882986532,119,1936.233,120959.652,119023.41900000001,119.023419,0.4492174429547918,76.75630252100841,9134.0,8
22,2663508704,119,1899.728,120800.123,118900.395,118.900395,0.42286247923069586,82.61344537815125,9831.0,8
8,4163503295,119,1769.055,120646.277,118877.22200000001,118.877222,0.513360829607386,79.38655462184875,9447.0,8
22,1943520067,119,1964.137,120937.614,118973.477,118.973477,0.43947694139065113,78.99159663865547,9400.0,8
8,3053474506,119,1790.554,120946.064,119155.51,119.15550999999999,0.2589993814094435,60.285714285714285,7174.0,8
8,1774789858,119,1761.189,120462.412,118701.223,118.701223,0.7301055684325308,106.4453781512605,12667.0,8
8,3411503267,119,1769.717,120756.527,118986.81,118.98680999999999,0.6074993265783234,82.52941176470588,9821.0,8
22,2852405230,119,1971.977,120862.857,118890.88,118.89088000000001,0.26536758188599824,82.65546218487395,9836.0,8
22,3724544668,119,2041.582,121011.232,118969.65000000001,118.96965000000002,0.5289772482989924,80.4201680672269,9570.0,8
22,1033437363,119,1935.2,120862.408,118927.208,118.927208,0.4869938795248818,76.90756302521008,9152.0,8
22,197181812,119,1952.284,120923.786,118971.502,118.97150199999999,0.5642449099797092,81.7983193277311,9734.0,8
22,4163503295,119,1908.344,120831.025,118922.681,118.922681,0.6441334412608299,77.6218487394958,9237.0,8
22,3411503267,119,1904.889,120732.806,118827.917,118.827917,0.6271624460257822,82.5126050420168,9819.0,8
8,4129079762,119,1746.653,120461.383,118714.73,118.71473,0.743026443310322,105.52100840336135,12557.0,8
8,2986831233,118,1740.5,120024.553,118284.053,118.284053,0.3865866419769175,53.8728813559322,6357.0,8
8,3530267704,119,1721.874,120680.314,118958.44,118.95844,0.28547159449015064,80.03361344537815,9524.0,8
8,3385079617,119,1729.349,120557.904,118828.555,118.828555,0.4755711204673301,79.73109243697479,9488.0,8
22,3053474506,119,1977.355,120605.716,118628.361,118.628361,0.3626174582128046,61.45378151260504,7313.0,8
22,3497448862,119,1958.54,120927.355,118968.815,118.968815,0.40715542570997343,80.07563025210084,9529.0,8
8,3497448862,119,1722.785,120654.779,118931.99399999999,118.93199399999999,0.4655711838431722,78.87394957983193,9386.0,8
22,1646684781,119,2020.192,120927.547,118907.35500000001,118.90735500000001,0.6710730265391619,83.68067226890756,9958.0,8
8,1646684781,119,1748.966,120647.453,118898.487,118.89848699999999,0.5929938866829505,79.7983193277311,9496.0,8
22,2986831233,119,2043.212,120896.934,118853.722,118.85372199999999,0.6004508070610195,78.76470588235294,9373.0,8
22,3385079617,119,1974.037,120954.323,118980.28600000001,118.980286,0.6662132845510887,83.02521008403362,9880.0,8
22,1774789858,119,1956.527,120649.883,118693.356,118.693356,0.7750149220279803,107.31932773109244,12771.0,8
8,2663508704,119,1761.184,120635.505,118874.32100000001,118.87432100000001,0.4306027344003864,78.0,9282.0,8
22,779353579,119,1934.886,120606.46,118671.57400000001,118.671574,0.7571135004823012,106.33613445378151,12654.0,8
22,3534201447,119,1932.314,120888.226,118955.912,118.955912,0.7305461115285206,81.15126050420169,9657.0,8
8,2852405230,119,1743.925,120675.034,118931.109,118.93110899999999,0.4930323814535987,82.02521008403362,9761.0,8
8,4031530085,119,1745.202,120668.985,118923.783,118.923783,0.34014643222368324,78.82352941176471,9380.0,8
8,2882986532,119,1784.549,120709.768,118925.219,118.925219,0.4802643927567376,85.3109243697479,10152.0,8
Pivoted Results:,,,,,,,,,,8
,total_elapsed_sec,total_elapsed_sec,avg_fps,avg_fps,avg_frame_count,avg_frame_count,sum_frame_count,sum_frame_count,,8
java_version,22,8,22,8,22,8,22,8,,8
seed,,,,,,,,,,8
1033437363,118.927208,118.90988300000001,0.4869938795248818,0.5705350525282689,76.90756302521008,81.47899159663865,9152.0,9696.0,,8
1646684781,118.90735500000001,118.89848699999999,0.6710730265391619,0.5929938866829505,83.68067226890756,79.7983193277311,9958.0,9496.0,,8
1774789858,118.693356,118.701223,0.7750149220279803,0.7301055684325308,107.31932773109244,106.4453781512605,12771.0,12667.0,,8
1943520067,118.973477,118.898189,0.43947694139065113,0.5975399291877569,78.99159663865547,80.76470588235294,9400.0,9611.0,,8
197181812,118.97150199999999,119.111104,0.5642449099797092,0.46379264844275503,81.7983193277311,59.89915966386555,9734.0,7128.0,,8
2663508704,118.900395,118.87432100000001,0.42286247923069586,0.4306027344003864,82.61344537815125,78.0,9831.0,9282.0,,8
2852405230,118.89088000000001,118.93110899999999,0.26536758188599824,0.4930323814535987,82.65546218487395,82.02521008403362,9836.0,9761.0,,8
2882986532,119.023419,118.925219,0.4492174429547918,0.4802643927567376,76.75630252100841,85.3109243697479,9134.0,10152.0,,8
2986831233,118.85372199999999,118.284053,0.6004508070610195,0.3865866419769175,78.76470588235294,53.8728813559322,9373.0,6357.0,,8
3053474506,118.628361,119.15550999999999,0.3626174582128046,0.2589993814094435,61.45378151260504,60.285714285714285,7313.0,7174.0,,8
3385079617,118.980286,118.828555,0.6662132845510887,0.4755711204673301,83.02521008403362,79.73109243697479,9880.0,9488.0,,8
3411503267,118.827917,118.98680999999999,0.6271624460257822,0.6074993265783234,82.5126050420168,82.52941176470588,9819.0,9821.0,,8
3497448862,118.968815,118.93199399999999,0.40715542570997343,0.4655711838431722,80.07563025210084,78.87394957983193,9529.0,9386.0,,8
3530267704,118.94417600000001,118.95844,0.7152568011860704,0.28547159449015064,81.01680672268908,80.03361344537815,9641.0,9524.0,,8
3534201447,118.955912,118.856178,0.7305461115285206,0.46383693715780366,81.15126050420169,78.81512605042016,9657.0,9379.0,,8
3724544668,118.96965000000002,119.01284400000002,0.5289772482989924,0.5209342736745451,80.4201680672269,80.14285714285714,9570.0,9537.0,,8
4031530085,118.959942,118.923783,0.6171561986131268,0.34014643222368324,82.05882352941177,78.82352941176471,9765.0,9380.0,,8
4129079762,118.67926700000001,118.71473,0.7904039349114426,0.743026443310322,104.17647058823529,105.52100840336135,12397.0,12557.0,,8
4163503295,118.922681,118.877222,0.6441334412608299,0.513360829607386,77.6218487394958,79.38655462184875,9237.0,9447.0,,8
779353579,118.671574,118.662256,0.7571135004823012,0.7832950973014873,106.33613445378151,105.67226890756302,12654.0,12575.0,,8
Differences (Java22 - Java8):,,,,,,,,,,8
seed,total_elapsed_sec_diff,avg_fps_diff,avg_frame_count_diff,sum_frame_count_diff,,,,,,8
1033437363,0.01732499999998538,-0.08354117300338704,-4.571428571428569,-544.0,,,,,,8
1646684781,0.00886800000002097,0.0780791398562114,3.882352941176464,462.0,,,,,,8
1774789858,-0.00786700000000451,0.04490935359544945,0.8739495798319439,104.0,,,,,,8
1943520067,0.07528800000000047,-0.15806298779710576,-1.7731092436974762,-211.0,,,,,,8
197181812,-0.13960200000001066,0.10045226153695419,21.899159663865547,2606.0,,,,,,8
2663508704,0.026073999999994157,-0.007740255169690513,4.613445378151255,549.0,,,,,,8
2852405230,-0.04022899999998231,-0.22766479956760044,0.6302521008403374,75.0,,,,,,8
2882986532,0.09820000000000562,-0.031046949801945778,-8.554621848739487,-1018.0,,,,,,8
2986831233,0.5696689999999904,0.213864165084102,24.89182452642074,3016.0,,,,,,8
3053474506,-0.5271489999999943,0.1036180768033611,1.1680672268907557,139.0,,,,,,8
3385079617,0.15173100000001227,0.19064216408375867,3.294117647058826,392.0,,,,,,8
3411503267,-0.15889299999999196,0.0196631194474588,-0.016806722689082676,-2.0,,,,,,8
3497448862,0.036821000000017534,-0.05841575813319877,1.2016806722689068,143.0,,,,,,8
3530267704,-0.014263999999982957,0.42978520669591974,0.9831932773109315,117.0,,,,,,8
3534201447,0.09973399999999799,0.2667091743707169,2.3361344537815256,278.0,,,,,,8
3724544668,-0.04319399999999973,0.008042974624447252,0.27731092436975757,33.0,,,,,,8
4031530085,0.03615899999999783,0.2770097663894435,3.235294117647058,385.0,,,,,,8
4129079762,-0.03546299999999292,0.04737749160112059,-1.3445378151260599,-160.0,,,,,,8
4163503295,0.04545899999999392,0.1307726116534439,-1.764705882352942,-210.0,,,,,,8
779353579,0.009318000000007487,-0.02618159681918608,0.6638655462184886,79.0,,,,,,8
8,1943520067,119,1774.248,120799.58,119025.332,119.02533199999999,0.5662279572985885,74.7983193277311,8901.0,4
22,4031530085,119,1940.66,120832.46,118891.8,118.8918,0.5859589392839227,79.66386554621849,9480.0,4
22,3530267704,119,2009.697,120963.905,118954.208,118.954208,0.5502991987659835,82.8655462184874,9861.0,4
8,3534201447,119,1758.359,120724.034,118965.675,118.965675,0.41814944514830715,80.05882352941177,9527.0,4
8,3724544668,119,1758.424,120653.44,118895.016,118.895016,0.4487964253805094,77.71428571428571,9248.0,4
8,1033437363,118,1787.94,120095.761,118307.821,118.30782099999999,0.521048358995584,55.63559322033898,6565.0,4
22,4129079762,119,1901.872,120610.763,118708.891,118.70889100000001,0.7417951424158769,103.05882352941177,12264.0,4
8,779353579,119,1767.207,120529.945,118762.73800000001,118.76273800000001,0.7327372756669449,106.36974789915966,12658.0,4
8,197181812,119,1758.92,120623.627,118864.707,118.864707,0.41349889440649273,79.10084033613445,9413.0,4
22,2882986532,119,2121.591,120999.316,118877.725,118.87772500000001,0.6098584328610362,79.68067226890756,9482.0,4
22,2663508704,119,2003.993,120819.957,118815.96399999999,118.815964,0.6139223057151059,80.6890756302521,9602.0,4
8,4163503295,119,1788.175,120819.994,119031.819,119.031819,0.5779663386097184,78.85714285714286,9384.0,4
22,1943520067,119,1945.293,120888.519,118943.226,118.943226,0.6403420479764876,79.82352941176471,9499.0,4
8,3053474506,118,1773.227,120189.56,118416.333,118.416333,0.3152135760365702,60.50847457627118,7140.0,4
8,1774789858,119,1785.459,120455.838,118670.379,118.670379,0.7363381952145559,106.82352941176471,12712.0,4
8,3411503267,119,1734.682,120696.571,118961.889,118.961889,0.4882964235873178,80.56302521008404,9587.0,4
22,2852405230,119,1926.474,120880.9,118954.42599999999,118.954426,0.5286118425522285,81.4873949579832,9697.0,4
22,3724544668,119,1973.463,120907.423,118933.95999999999,118.93395999999998,0.7332073229145339,78.10084033613445,9294.0,4
22,1033437363,119,1871.622,120848.797,118977.175,118.977175,0.3792478000344666,82.84873949579831,9859.0,4
22,197181812,119,1999.05,120926.001,118926.951,118.926951,0.4360304338147115,80.6470588235294,9597.0,4
22,4163503295,119,1979.352,120858.06,118878.708,118.878708,0.5737535815190818,81.26890756302521,9671.0,4
22,3411503267,119,1931.928,120841.103,118909.175,118.909175,0.5048373639031128,78.68067226890756,9363.0,4
8,4129079762,119,1771.939,120504.959,118733.02,118.73302000000001,0.7605418127433395,102.33613445378151,12178.0,4
8,2986831233,119,1752.217,120633.408,118881.19099999999,118.88119099999999,0.4779095313962082,78.26050420168067,9313.0,4
8,3530267704,119,1755.931,120699.705,118943.774,118.943774,0.5242418992897622,78.84873949579831,9383.0,4
8,3385079617,119,1769.239,120734.192,118964.953,118.964953,0.6122666180651307,80.98319327731092,9637.0,4
22,3053474506,119,1979.646,120646.17,118666.524,118.66652400000001,0.3719024014428408,61.226890756302524,7286.0,4
22,3497448862,119,2013.401,120951.811,118938.41,118.93841,0.47740237394277235,80.76470588235294,9611.0,4
8,3497448862,119,1742.12,120683.591,118941.471,118.941471,0.5675445651160484,78.87394957983193,9386.0,4
22,1646684781,119,1984.256,120879.336,118895.08,118.89508000000001,0.44728294461081136,74.95798319327731,8920.0,4
8,1646684781,119,1756.158,120628.449,118872.291,118.872291,0.4307971638170076,80.89915966386555,9627.0,4
22,2986831233,119,1974.022,120948.22,118974.198,118.974198,0.6802048922396414,81.45378151260505,9693.0,4
22,3385079617,119,1962.854,120828.627,118865.77299999999,118.86577299999999,0.6249022081669188,77.92436974789916,9273.0,4
22,1774789858,119,1913.559,120493.833,118580.274,118.580274,0.7820630304107171,107.68067226890756,12814.0,4
8,2663508704,119,1783.814,121013.834,119230.02,119.23002000000001,0.5525818364017795,52.97478991596638,6304.0,4
22,779353579,119,1970.847,120579.667,118608.82,118.60882000000001,0.7751872924750455,105.71428571428571,12580.0,4
22,3534201447,119,1973.188,120962.412,118989.224,118.98922400000001,0.5811038280152413,79.43697478991596,9453.0,4
8,2852405230,119,1777.328,120998.506,119221.178,119.221178,0.20873589510738244,55.38655462184874,6591.0,4
8,4031530085,119,1721.103,120605.838,118884.735,118.884735,0.5875808428361051,78.34453781512605,9323.0,4
8,2882986532,119,1752.18,120916.459,119164.27900000001,119.16427900000001,0.2136759381719426,55.63865546218487,6621.0,4
Pivoted Results:,,,,,,,,,,4
,total_elapsed_sec,total_elapsed_sec,avg_fps,avg_fps,avg_frame_count,avg_frame_count,sum_frame_count,sum_frame_count,,4
java_version,22,8,22,8,22,8,22,8,,4
seed,,,,,,,,,,4
1033437363,118.977175,118.30782099999999,0.3792478000344666,0.521048358995584,82.84873949579831,55.63559322033898,9859.0,6565.0,,4
1646684781,118.89508000000001,118.872291,0.44728294461081136,0.4307971638170076,74.95798319327731,80.89915966386555,8920.0,9627.0,,4
1774789858,118.580274,118.670379,0.7820630304107171,0.7363381952145559,107.68067226890756,106.82352941176471,12814.0,12712.0,,4
1943520067,118.943226,119.02533199999999,0.6403420479764876,0.5662279572985885,79.82352941176471,74.7983193277311,9499.0,8901.0,,4
197181812,118.926951,118.864707,0.4360304338147115,0.41349889440649273,80.6470588235294,79.10084033613445,9597.0,9413.0,,4
2663508704,118.815964,119.23002000000001,0.6139223057151059,0.5525818364017795,80.6890756302521,52.97478991596638,9602.0,6304.0,,4
2852405230,118.954426,119.221178,0.5286118425522285,0.20873589510738244,81.4873949579832,55.38655462184874,9697.0,6591.0,,4
2882986532,118.87772500000001,119.16427900000001,0.6098584328610362,0.2136759381719426,79.68067226890756,55.63865546218487,9482.0,6621.0,,4
2986831233,118.974198,118.88119099999999,0.6802048922396414,0.4779095313962082,81.45378151260505,78.26050420168067,9693.0,9313.0,,4
3053474506,118.66652400000001,118.416333,0.3719024014428408,0.3152135760365702,61.226890756302524,60.50847457627118,7286.0,7140.0,,4
3385079617,118.86577299999999,118.964953,0.6249022081669188,0.6122666180651307,77.92436974789916,80.98319327731092,9273.0,9637.0,,4
3411503267,118.909175,118.961889,0.5048373639031128,0.4882964235873178,78.68067226890756,80.56302521008404,9363.0,9587.0,,4
3497448862,118.93841,118.941471,0.47740237394277235,0.5675445651160484,80.76470588235294,78.87394957983193,9611.0,9386.0,,4
3530267704,118.954208,118.943774,0.5502991987659835,0.5242418992897622,82.8655462184874,78.84873949579831,9861.0,9383.0,,4
3534201447,118.98922400000001,118.965675,0.5811038280152413,0.41814944514830715,79.43697478991596,80.05882352941177,9453.0,9527.0,,4
3724544668,118.93395999999998,118.895016,0.7332073229145339,0.4487964253805094,78.10084033613445,77.71428571428571,9294.0,9248.0,,4
4031530085,118.8918,118.884735,0.5859589392839227,0.5875808428361051,79.66386554621849,78.34453781512605,9480.0,9323.0,,4
4129079762,118.70889100000001,118.73302000000001,0.7417951424158769,0.7605418127433395,103.05882352941177,102.33613445378151,12264.0,12178.0,,4
4163503295,118.878708,119.031819,0.5737535815190818,0.5779663386097184,81.26890756302521,78.85714285714286,9671.0,9384.0,,4
779353579,118.60882000000001,118.76273800000001,0.7751872924750455,0.7327372756669449,105.71428571428571,106.36974789915966,12580.0,12658.0,,4
Differences (Java22 - Java8):,,,,,,,,,,4
seed,total_elapsed_sec_diff,avg_fps_diff,avg_frame_count_diff,sum_frame_count_diff,,,,,,4
1033437363,0.6693540000000127,-0.14180055896111737,27.21314627545933,3294.0,,,,,,4
1646684781,0.022789000000003057,0.01648578079380375,-5.941176470588232,-707.0,,,,,,4
1774789858,-0.0901049999999941,0.04572483519616122,0.857142857142847,102.0,,,,,,4
1943520067,-0.08210599999999602,0.07411409067789909,5.025210084033617,598.0,,,,,,4
197181812,0.06224400000000685,0.02253153940821878,1.5462184873949525,184.0,,,,,,4
2663508704,-0.4140560000000164,0.06134046931332637,27.714285714285722,3298.0,,,,,,4
2852405230,-0.26675199999999677,0.31987594744484604,26.10084033613446,3106.0,,,,,,4
2882986532,-0.2865539999999953,0.3961824946890936,24.042016806722685,2861.0,,,,,,4
2986831233,0.09300700000001427,0.20229536084343325,3.1932773109243726,380.0,,,,,,4
3053474506,0.25019100000001515,0.056688825406270626,0.7184161800313404,146.0,,,,,,4
3385079617,-0.09918000000000404,0.012635590101788052,-3.058823529411754,-364.0,,,,,,4
3411503267,-0.0527139999999946,0.01654094031579506,-1.8823529411764781,-224.0,,,,,,4
3497448862,-0.003061000000002423,-0.0901421911732761,1.8907563025210123,225.0,,,,,,4
3530267704,0.010433999999989396,0.026057299476221374,4.016806722689083,478.0,,,,,,4
3534201447,0.023549000000002707,0.16295438286693414,-0.6218487394958032,-74.0,,,,,,4
3724544668,0.038943999999986545,0.28441089753402454,0.38655462184874523,46.0,,,,,,4
4031530085,0.007064999999997212,-0.001621903552182391,1.319327731092443,157.0,,,,,,4
4129079762,-0.024129000000002065,-0.01874667032746269,0.7226890756302566,86.0,,,,,,4
4163503295,-0.15311099999999556,-0.00421275709063651,2.411764705882348,287.0,,,,,,4
779353579,-0.15391800000000444,0.042450016808100566,-0.6554621848739544,-78.0,,,,,,4
8,1943520067,119,1736.332,120650.546,118914.214,118.914214,0.241644012450199,83.09243697478992,9888.0,3
22,4031530085,119,1999.053,120973.055,118974.002,118.974002,0.4994887669793383,75.02521008403362,8928.0,3
22,3530267704,119,1974.578,120991.844,119017.266,119.017266,0.5155386857597937,77.53781512605042,9227.0,3
8,3534201447,119,1725.739,120623.989,118898.25,118.89825,0.6959455196499467,78.81512605042016,9379.0,3
8,3724544668,118,1741.467,120020.044,118278.57699999999,118.27857699999998,0.16428853245168315,52.09322033898305,6147.0,3
8,1033437363,118,1807.045,120038.519,118231.474,118.231474,0.36939087272294097,53.79661016949152,6348.0,3
22,4129079762,119,2012.649,120728.526,118715.877,118.71587699999999,0.7829470722386175,104.4201680672269,12426.0,3
8,779353579,119,1743.163,120381.543,118638.38,118.63838,0.8084722926577517,105.08403361344538,12505.0,3
8,197181812,119,1810.692,120799.042,118988.35,118.98835000000001,0.4958127484359997,77.31932773109244,9201.0,3
22,2882986532,119,1967.128,120941.916,118974.788,118.974788,0.6314902541468635,77.25210084033614,9193.0,3
22,2663508704,119,1945.613,120841.782,118896.16900000001,118.89616900000001,0.6460880377233021,81.52100840336135,9701.0,3
8,4163503295,119,1777.653,120748.46,118970.807,118.97080700000001,0.5652151122367433,80.89915966386555,9627.0,3
22,1943520067,119,2031.512,120975.079,118943.567,118.943567,0.5233355716017055,81.99159663865547,9757.0,3
8,3053474506,119,1730.664,120835.493,119104.829,119.104829,0.34098538580346294,59.470588235294116,7077.0,3
8,1774789858,119,1761.718,120447.774,118686.05600000001,118.68605600000001,0.7310682432072341,106.53781512605042,12678.0,3
8,3411503267,119,1720.11,120916.089,119195.979,119.19597900000001,0.3619828211024889,53.865546218487395,6410.0,3
22,2852405230,119,1983.377,120820.916,118837.539,118.837539,0.5552144314549902,83.31932773109244,9915.0,3
22,3724544668,119,1952.285,120920.437,118968.152,118.968152,0.41597127130438794,78.05882352941177,9289.0,3
22,1033437363,119,2007.354,120971.335,118963.981,118.963981,0.43859801886666583,80.74789915966386,9609.0,3
22,197181812,119,2052.47,120941.805,118889.33499999999,118.88933499999999,0.4484618352375174,80.19327731092437,9543.0,3
22,4163503295,119,1931.945,120965.615,119033.67,119.03367,0.43909784895100873,81.24369747899159,9668.0,3
22,3411503267,119,1994.306,120943.793,118949.48700000001,118.949487,0.5298320184715866,78.71428571428571,9367.0,3
8,4129079762,119,1777.84,120501.984,118724.144,118.724144,0.7826739297966909,105.5798319327731,12564.0,3
8,2986831233,119,1724.371,120728.998,119004.62700000001,119.00462700000001,0.6380532232845174,78.73949579831933,9370.0,3
8,3530267704,119,1819.199,120705.954,118886.755,118.88675500000001,0.5513675885056312,83.91596638655462,9986.0,3
8,3385079617,119,1791.57,120658.437,118866.867,118.866867,0.6283165295458202,78.65546218487395,9360.0,3
22,3053474506,119,1953.52,120606.914,118653.394,118.653394,0.381899184449068,61.445378151260506,7312.0,3
22,3497448862,119,1960.708,120884.173,118923.465,118.923465,0.6283329209887583,80.10924369747899,9533.0,3
8,3497448862,119,1742.544,120689.429,118946.88500000001,118.94688500000001,0.5797328111371384,78.73109243697479,9369.0,3
22,1646684781,119,2026.178,120909.273,118883.095,118.883095,0.5925030372618207,82.81512605042016,9855.0,3
8,1646684781,119,1735.267,120655.472,118920.20499999999,118.92020499999998,0.5076044208919795,84.63025210084034,10071.0,3
22,2986831233,119,1901.937,120821.105,118919.16799999999,118.91916799999998,0.44784485929683415,82.94957983193277,9871.0,3
22,3385079617,119,2043.906,120919.686,118875.78,118.87577999999999,0.6058172202641405,82.05882352941177,9765.0,3
22,1774789858,119,1900.981,120575.049,118674.068,118.674068,0.7716489310627827,106.91596638655462,12723.0,3
8,2663508704,119,1756.328,120760.35,119004.02200000001,119.004022,0.5935013434373307,79.38655462184875,9447.0,3
22,779353579,119,2019.534,120642.029,118622.495,118.622495,0.7848296960204866,106.49579831932773,12673.0,3
22,3534201447,119,2013.776,120927.251,118913.475,118.913475,0.6028593059338884,79.5546218487395,9467.0,3
8,2852405230,119,1774.97,120759.442,118984.472,118.984472,0.593903872168183,76.5546218487395,9110.0,3
8,4031530085,119,1758.343,120676.361,118918.01800000001,118.91801800000002,0.42482533841203146,78.78991596638656,9376.0,3
8,2882986532,118,1751.158,120071.987,118320.829,118.320829,0.18967262018807324,51.17796610169491,6039.0,3
Pivoted Results:,,,,,,,,,,3
,total_elapsed_sec,total_elapsed_sec,avg_fps,avg_fps,avg_frame_count,avg_frame_count,sum_frame_count,sum_frame_count,,3
java_version,22,8,22,8,22,8,22,8,,3
seed,,,,,,,,,,3
1033437363,118.963981,118.231474,0.43859801886666583,0.36939087272294097,80.74789915966386,53.79661016949152,9609.0,6348.0,,3
1646684781,118.883095,118.92020499999998,0.5925030372618207,0.5076044208919795,82.81512605042016,84.63025210084034,9855.0,10071.0,,3
1774789858,118.674068,118.68605600000001,0.7716489310627827,0.7310682432072341,106.91596638655462,106.53781512605042,12723.0,12678.0,,3
1943520067,118.943567,118.914214,0.5233355716017055,0.241644012450199,81.99159663865547,83.09243697478992,9757.0,9888.0,,3
197181812,118.88933499999999,118.98835000000001,0.4484618352375174,0.4958127484359997,80.19327731092437,77.31932773109244,9543.0,9201.0,,3
2663508704,118.89616900000001,119.004022,0.6460880377233021,0.5935013434373307,81.52100840336135,79.38655462184875,9701.0,9447.0,,3
2852405230,118.837539,118.984472,0.5552144314549902,0.593903872168183,83.31932773109244,76.5546218487395,9915.0,9110.0,,3
2882986532,118.974788,118.320829,0.6314902541468635,0.18967262018807324,77.25210084033614,51.17796610169491,9193.0,6039.0,,3
2986831233,118.91916799999998,119.00462700000001,0.44784485929683415,0.6380532232845174,82.94957983193277,78.73949579831933,9871.0,9370.0,,3
3053474506,118.653394,119.104829,0.381899184449068,0.34098538580346294,61.445378151260506,59.470588235294116,7312.0,7077.0,,3
3385079617,118.87577999999999,118.866867,0.6058172202641405,0.6283165295458202,82.05882352941177,78.65546218487395,9765.0,9360.0,,3
3411503267,118.949487,119.19597900000001,0.5298320184715866,0.3619828211024889,78.71428571428571,53.865546218487395,9367.0,6410.0,,3
3497448862,118.923465,118.94688500000001,0.6283329209887583,0.5797328111371384,80.10924369747899,78.73109243697479,9533.0,9369.0,,3
3530267704,119.017266,118.88675500000001,0.5155386857597937,0.5513675885056312,77.53781512605042,83.91596638655462,9227.0,9986.0,,3
3534201447,118.913475,118.89825,0.6028593059338884,0.6959455196499467,79.5546218487395,78.81512605042016,9467.0,9379.0,,3
3724544668,118.968152,118.27857699999998,0.41597127130438794,0.16428853245168315,78.05882352941177,52.09322033898305,9289.0,6147.0,,3
4031530085,118.974002,118.91801800000002,0.4994887669793383,0.42482533841203146,75.02521008403362,78.78991596638656,8928.0,9376.0,,3
4129079762,118.71587699999999,118.724144,0.7829470722386175,0.7826739297966909,104.4201680672269,105.5798319327731,12426.0,12564.0,,3
4163503295,119.03367,118.97080700000001,0.43909784895100873,0.5652151122367433,81.24369747899159,80.89915966386555,9668.0,9627.0,,3
779353579,118.622495,118.63838,0.7848296960204866,0.8084722926577517,106.49579831932773,105.08403361344538,12673.0,12505.0,,3
Differences (Java22 - Java8):,,,,,,,,,,3
seed,total_elapsed_sec_diff,avg_fps_diff,avg_frame_count_diff,sum_frame_count_diff,,,,,,3
1033437363,0.7325069999999982,0.06920714614372486,26.951288990172337,3261.0,,,,,,3
1646684781,-0.03710999999998421,0.0848986163698412,-1.8151260504201758,-216.0,,,,,,3
1774789858,-0.01198800000000233,0.04058068785554858,0.3781512605041968,45.0,,,,,,3
1943520067,0.029353000000000407,0.2816915591515065,-1.1008403361344534,-131.0,,,,,,3
197181812,-0.09901500000002272,-0.04735091319848228,2.8739495798319297,342.0,,,,,,3
2663508704,-0.10785299999999154,0.0525866942859714,2.1344537815126046,254.0,,,,,,3
2852405230,-0.14693299999999,-0.0386894407131928,6.764705882352942,805.0,,,,,,3
2882986532,0.6539590000000004,0.4418176339587903,26.074134738641227,3154.0,,,,,,3
2986831233,-0.0854590000000286,-0.19020836398768326,4.210084033613441,501.0,,,,,,3
3053474506,-0.4514349999999894,0.04091379864560507,1.9747899159663902,235.0,,,,,,3
3385079617,0.008912999999992621,-0.022499309281679647,3.4033613445378137,405.0,,,,,,3
3411503267,-0.24649200000000349,0.16784919736909765,24.848739495798313,2957.0,,,,,,3
3497448862,-0.02342000000001576,0.04860010985161989,1.3781512605041968,164.0,,,,,,3
3530267704,0.1305109999999985,-0.0358289027458375,-6.378151260504197,-759.0,,,,,,3
3534201447,0.015225000000000932,-0.0930862137160583,0.7394957983193393,88.0,,,,,,3
3724544668,0.6895750000000191,0.25168273885270476,25.965603190428716,3142.0,,,,,,3
4031530085,0.05598399999998094,0.07466342856730684,-3.764705882352942,-448.0,,,,,,3
4129079762,-0.008267000000003577,0.0002731424419265549,-1.1596638655462073,-138.0,,,,,,3
4163503295,0.06286299999999301,-0.12611726328573453,0.34453781512604564,41.0,,,,,,3
779353579,-0.015884999999997262,-0.02364259663726509,1.411764705882348,168.0,,,,,,3
8,1943520067,119,1787.522,120985.803,119198.281,119.19828100000001,0.24120890531943678,48.02521008403362,5715.0,1
22,4031530085,119,2017.69,120981.291,118963.601,118.963601,0.3531221536406563,79.71428571428571,9486.0,1
22,3530267704,119,1899.909,120832.091,118932.182,118.932182,0.5840096374082734,81.58823529411765,9709.0,1
8,3534201447,118,1790.063,120136.618,118346.55500000001,118.34655500000001,0.3084939700844921,49.559322033898304,5848.0,1
8,3724544668,119,1732.521,120704.778,118972.25700000001,118.97225700000001,0.4844496711560875,79.16806722689076,9421.0,1
8,1033437363,119,1767.73,120793.885,119026.155,119.026155,0.5318416691074475,78.71428571428571,9367.0,1
22,4129079762,119,1897.845,120604.437,118706.592,118.706592,0.7451724481414499,104.0,12376.0,1
8,779353579,119,1727.601,120291.015,118563.414,118.56341400000001,0.69585805961889,105.36974789915966,12539.0,1
8,197181812,119,1731.913,120834.019,119102.106,119.102106,0.4026597438827195,80.00840336134453,9521.0,1
22,2882986532,119,1932.743,120941.798,119009.055,119.00905499999999,0.5737510893449593,79.8655462184874,9504.0,1
22,2663508704,118,2084.6,120111.101,118026.50099999999,118.026501,0.5472401800725182,76.77118644067797,9059.0,1
8,4163503295,119,1758.739,120633.831,118875.092,118.87509200000001,0.5764961521948816,82.73109243697479,9845.0,1
22,1943520067,119,2037.218,120964.645,118927.42700000001,118.92742700000001,0.6485404175041551,78.24369747899159,9311.0,1
8,3053474506,119,1762.807,120966.775,119203.968,119.20396799999999,0.32127937037094084,60.09243697478992,7151.0,1
8,1774789858,119,1730.447,120328.04,118597.593,118.59759299999999,0.6880598273944909,106.70588235294117,12698.0,1
8,3411503267,119,1763.012,120699.004,118935.992,118.935992,0.4046735665501356,81.65546218487395,9717.0,1
22,2852405230,119,2002.675,120917.024,118914.349,118.914349,0.5797439404621196,79.27731092436974,9434.0,1
22,3724544668,119,1911.637,120881.558,118969.921,118.969921,0.4955703021568491,80.76470588235294,9611.0,1
22,1033437363,119,1970.169,120831.177,118861.008,118.861008,0.6712741194676143,80.84033613445378,9620.0,1
22,197181812,119,1922.89,120706.015,118783.125,118.783125,0.4772453510707024,80.40336134453781,9568.0,1
22,4163503295,118,2012.142,120055.318,118043.17599999999,118.04317599999999,0.4083327006001973,72.63559322033899,8571.0,1
22,3411503267,119,1943.575,120826.074,118882.499,118.882499,0.5298599982042109,77.54621848739495,9228.0,1
8,4129079762,119,1719.857,120448.816,118728.959,118.728959,0.7208806460932972,102.38655462184875,12184.0,1
8,2986831233,119,1761.826,120726.419,118964.593,118.964593,0.5001528319809773,78.52100840336135,9344.0,1
8,3530267704,119,1777.923,120947.279,119169.356,119.169356,0.42584943046319323,57.73109243697479,6870.0,1
8,3385079617,119,1699.146,120735.134,119035.98800000001,119.03598800000002,0.5790540556175882,81.7983193277311,9734.0,1
22,3053474506,119,1908.506,120606.264,118697.758,118.69775800000001,0.3780690197415673,61.20168067226891,7283.0,1
22,3497448862,119,2027.098,120941.846,118914.748,118.914748,0.622383825468644,81.03361344537815,9643.0,1
8,3497448862,119,1729.402,120757.89,119028.488,119.028488,0.6280891411450465,79.63025210084034,9476.0,1
22,1646684781,119,1995.902,120889.586,118893.684,118.893684,0.6093073788827974,80.40336134453781,9568.0,1
8,1646684781,118,1772.545,120039.668,118267.123,118.26712300000001,0.38170067738964575,53.63559322033898,6329.0,1
22,2986831233,119,1923.586,120748.288,118824.702,118.824702,0.5356466767738934,83.8655462184874,9980.0,1
22,3385079617,119,1983.934,120919.448,118935.51400000001,118.93551400000001,0.6457177601213323,82.17647058823529,9779.0,1
22,1774789858,119,1950.846,120601.571,118650.72499999999,118.650725,0.7485336952771321,107.1344537815126,12749.0,1
8,2663508704,119,1731.312,120696.047,118964.735,118.964735,0.4519544053406618,83.15966386554622,9896.0,1
22,779353579,119,1993.058,120602.496,118609.438,118.609438,0.7335025552067198,106.75630252100841,12704.0,1
22,3534201447,119,2017.303,120970.52,118953.217,118.95321700000001,0.4629450641216013,80.6470588235294,9597.0,1
8,2852405230,119,1714.186,120679.009,118964.823,118.96482300000001,0.48519978052529117,77.21008403361344,9188.0,1
8,4031530085,119,1766.344,120773.158,119006.814,119.00681399999999,0.5444243648039231,81.18487394957984,9661.0,1
8,2882986532,119,1744.131,120674.252,118930.121,118.930121,0.5998396156035712,84.47058823529412,10052.0,1
Pivoted Results:,,,,,,,,,,1
,total_elapsed_sec,total_elapsed_sec,avg_fps,avg_fps,avg_frame_count,avg_frame_count,sum_frame_count,sum_frame_count,,1
java_version,22,8,22,8,22,8,22,8,,1
seed,,,,,,,,,,1
1033437363,118.861008,119.026155,0.6712741194676143,0.5318416691074475,80.84033613445378,78.71428571428571,9620.0,9367.0,,1
1646684781,118.893684,118.26712300000001,0.6093073788827974,0.38170067738964575,80.40336134453781,53.63559322033898,9568.0,6329.0,,1
1774789858,118.650725,118.59759299999999,0.7485336952771321,0.6880598273944909,107.1344537815126,106.70588235294117,12749.0,12698.0,,1
1943520067,118.92742700000001,119.19828100000001,0.6485404175041551,0.24120890531943678,78.24369747899159,48.02521008403362,9311.0,5715.0,,1
197181812,118.783125,119.102106,0.4772453510707024,0.4026597438827195,80.40336134453781,80.00840336134453,9568.0,9521.0,,1
2663508704,118.026501,118.964735,0.5472401800725182,0.4519544053406618,76.77118644067797,83.15966386554622,9059.0,9896.0,,1
2852405230,118.914349,118.96482300000001,0.5797439404621196,0.48519978052529117,79.27731092436974,77.21008403361344,9434.0,9188.0,,1
2882986532,119.00905499999999,118.930121,0.5737510893449593,0.5998396156035712,79.8655462184874,84.47058823529412,9504.0,10052.0,,1
2986831233,118.824702,118.964593,0.5356466767738934,0.5001528319809773,83.8655462184874,78.52100840336135,9980.0,9344.0,,1
3053474506,118.69775800000001,119.20396799999999,0.3780690197415673,0.32127937037094084,61.20168067226891,60.09243697478992,7283.0,7151.0,,1
3385079617,118.93551400000001,119.03598800000002,0.6457177601213323,0.5790540556175882,82.17647058823529,81.7983193277311,9779.0,9734.0,,1
3411503267,118.882499,118.935992,0.5298599982042109,0.4046735665501356,77.54621848739495,81.65546218487395,9228.0,9717.0,,1
3497448862,118.914748,119.028488,0.622383825468644,0.6280891411450465,81.03361344537815,79.63025210084034,9643.0,9476.0,,1
3530267704,118.932182,119.169356,0.5840096374082734,0.42584943046319323,81.58823529411765,57.73109243697479,9709.0,6870.0,,1
3534201447,118.95321700000001,118.34655500000001,0.4629450641216013,0.3084939700844921,80.6470588235294,49.559322033898304,9597.0,5848.0,,1
3724544668,118.969921,118.97225700000001,0.4955703021568491,0.4844496711560875,80.76470588235294,79.16806722689076,9611.0,9421.0,,1
4031530085,118.963601,119.00681399999999,0.3531221536406563,0.5444243648039231,79.71428571428571,81.18487394957984,9486.0,9661.0,,1
4129079762,118.706592,118.728959,0.7451724481414499,0.7208806460932972,104.0,102.38655462184875,12376.0,12184.0,,1
4163503295,118.04317599999999,118.87509200000001,0.4083327006001973,0.5764961521948816,72.63559322033899,82.73109243697479,8571.0,9845.0,,1
779353579,118.609438,118.56341400000001,0.7335025552067198,0.69585805961889,106.75630252100841,105.36974789915966,12704.0,12539.0,,1
Differences (Java22 - Java8):,,,,,,,,,,1
seed,total_elapsed_sec_diff,avg_fps_diff,avg_frame_count_diff,sum_frame_count_diff,,,,,,1
1033437363,-0.1651470000000046,0.13943245036016683,2.1260504201680703,253.0,,,,,,1
1646684781,0.626560999999981,0.22760670149315165,26.76776812419883,3239.0,,,,,,1
1774789858,0.053132000000005064,0.0604738678826412,0.4285714285714306,51.0,,,,,,1
1943520067,-0.27085399999999993,0.40733151218471836,30.218487394957975,3596.0,,,,,,1
197181812,-0.31898100000000795,0.07458560718798285,0.39495798319327946,47.0,,,,,,1
2663508704,-0.9382340000000085,0.0952857747318564,-6.388477424868256,-837.0,,,,,,1
2852405230,-0.050474000000008346,0.09454415993682846,2.0672268907563023,246.0,,,,,,1
2882986532,0.07893399999998962,-0.02608852625861191,-4.6050420168067205,-548.0,,,,,,1
2986831233,-0.13989099999999155,0.035493844792916174,5.344537815126046,636.0,,,,,,1
3053474506,-0.5062099999999816,0.05678964937062647,1.1092436974789877,132.0,,,,,,1
3385079617,-0.1004740000000055,0.06666370450374415,0.3781512605041968,45.0,,,,,,1
3411503267,-0.05349300000000312,0.12518643165407534,-4.109243697479002,-489.0,,,,,,1
3497448862,-0.11373999999999285,-0.005705315676402534,1.4033613445378137,167.0,,,,,,1
3530267704,-0.237173999999996,0.15816020694508015,23.85714285714286,2839.0,,,,,,1
3534201447,0.606662,0.15445109403710922,31.0877367896311,3749.0,,,,,,1
3724544668,-0.0023360000000138825,0.011120631000761605,1.5966386554621863,190.0,,,,,,1
4031530085,-0.043212999999994395,-0.1913022111632668,-1.4705882352941302,-175.0,,,,,,1
4129079762,-0.02236700000000269,0.024291802048152733,1.6134453781512548,192.0,,,,,,1
4163503295,-0.831916000000021,-0.16816345159468432,-10.095499216635801,-1274.0,,,,,,1
779353579,0.04602399999998852,0.037644495587829785,1.3865546218487452,165.0,,,,,,1
8,1943520067,118,1811.388,120203.671,118392.283,118.39228299999999,0.32215508507359664,50.771186440677965,5991.0,10
22,4031530085,119,1987.844,120937.979,118950.13500000001,118.950135,0.28218847227781485,76.3529411764706,9086.0,10
22,3530267704,119,1903.967,120830.694,118926.727,118.926727,0.6977671864869137,79.78151260504201,9494.0,10
8,3534201447,119,1733.702,120977.429,119243.727,119.24372699999999,0.22583693717601136,54.445378151260506,6479.0,10
8,3724544668,119,1769.445,120681.747,118912.302,118.912302,0.3598820018446142,83.33613445378151,9917.0,10
8,1033437363,119,1814.258,120746.56,118932.302,118.93230199999999,0.49699334114742927,78.78151260504201,9375.0,10
22,4129079762,119,2015.457,120741.873,118726.41600000001,118.72641600000001,0.7288198403001493,103.1344537815126,12273.0,10
8,779353579,119,1765.658,120421.768,118656.11,118.65611,0.7220116411548164,106.19327731092437,12637.0,10
8,197181812,119,1734.494,120676.127,118941.63299999999,118.94163299999998,0.3156425098017019,81.43697478991596,9691.0,10
22,2882986532,119,2012.692,120922.463,118909.77100000001,118.909771,0.5832556162517947,80.89075630252101,9626.0,10
22,2663508704,118,1959.273,120008.572,118049.299,118.049299,0.34173757885523753,75.58474576271186,8919.0,10
8,4163503295,119,1719.075,120690.986,118971.91100000001,118.971911,0.4157499895832524,81.02521008403362,9642.0,10
22,1943520067,119,2074.091,120938.099,118864.008,118.864008,0.4256652845040983,83.94957983193277,9990.0,10
8,3053474506,118,1770.555,120031.371,118260.816,118.260816,0.3162410727852946,60.3728813559322,7124.0,10
8,1774789858,119,1749.629,120414.431,118664.802,118.664802,0.7189563389365946,106.34453781512605,12655.0,10
8,3411503267,119,1745.248,120666.335,118921.087,118.921087,0.6533164003125715,81.7983193277311,9734.0,10
22,2852405230,119,1930.391,120886.324,118955.93299999999,118.95593299999999,0.6402833747800871,80.60504201680672,9592.0,10
22,3724544668,119,1971.597,120901.707,118930.11,118.93011,0.2916288022627701,83.3781512605042,9922.0,10
22,1033437363,119,1970.589,120883.68,118913.09099999999,118.91309099999998,0.5383200734093216,81.72268907563026,9725.0,10
22,197181812,119,2004.98,120904.687,118899.70700000001,118.899707,0.66792935763368,82.4453781512605,9811.0,10
22,4163503295,119,1974.314,120873.49,118899.176,118.89917600000001,0.4958674772187777,81.66386554621849,9718.0,10
22,3411503267,119,1936.986,120867.475,118930.489,118.930489,0.4123691894938494,81.52100840336135,9701.0,10
8,4129079762,119,1758.17,120422.789,118664.619,118.664619,0.7503000337838417,105.27731092436974,12528.0,10
8,2986831233,119,1760.216,120970.202,119209.986,119.209986,0.46010654040065996,52.80672268907563,6284.0,10
8,3530267704,119,1766.171,120822.356,119056.185,119.056185,0.6154693011042677,79.63865546218487,9477.0,10
8,3385079617,119,1743.457,120677.988,118934.531,118.934531,0.5496416522482803,80.38655462184875,9566.0,10
22,3053474506,119,1923.646,120651.292,118727.64600000001,118.72764600000001,0.3804381974813298,61.42016806722689,7309.0,10
22,3497448862,119,2005.555,120925.325,118919.77,118.91977,0.49424811486260856,81.45378151260505,9693.0,10
8,3497448862,119,1729.958,120661.277,118931.319,118.931319,0.45039072543580394,81.01680672268908,9641.0,10
22,1646684781,119,1994.452,120871.709,118877.257,118.877257,0.5804305700601131,79.33613445378151,9441.0,10
8,1646684781,119,1738.519,120696.005,118957.486,118.957486,0.40352012246638896,82.38655462184875,9804.0,10
22,2986831233,119,1962.581,120869.493,118906.912,118.90691199999999,0.5625233398236887,82.2016806722689,9782.0,10
22,3385079617,119,2002.187,120979.653,118977.466,118.977466,0.5524967185745123,83.65546218487395,9955.0,10
22,1774789858,119,2021.869,120645.206,118623.337,118.623337,0.7425314621427263,107.4201680672269,12783.0,10
8,2663508704,119,1732.503,120698.535,118966.032,118.96603200000001,0.5234283877725575,85.82352941176471,10213.0,10
22,779353579,119,1996.684,120695.921,118699.23700000001,118.69923700000001,0.7919927986262905,106.03361344537815,12618.0,10
22,3534201447,119,2055.435,120902.861,118847.426,118.84742600000001,0.4582929517263383,76.40336134453781,9092.0,10
8,2852405230,119,1745.547,120992.707,119247.15999999999,119.24716,0.45371614068688104,53.588235294117645,6377.0,10
8,4031530085,119,1732.739,120683.158,118950.419,118.950419,0.45222050488171206,79.82352941176471,9499.0,10
8,2882986532,119,1743.922,120660.515,118916.593,118.91659299999999,0.6300640533955219,82.03361344537815,9762.0,10
Pivoted Results:,,,,,,,,,,10
,total_elapsed_sec,total_elapsed_sec,avg_fps,avg_fps,avg_frame_count,avg_frame_count,sum_frame_count,sum_frame_count,,10
java_version,22,8,22,8,22,8,22,8,,10
seed,,,,,,,,,,10
1033437363,118.91309099999998,118.93230199999999,0.5383200734093216,0.49699334114742927,81.72268907563026,78.78151260504201,9725.0,9375.0,,10
1646684781,118.877257,118.957486,0.5804305700601131,0.40352012246638896,79.33613445378151,82.38655462184875,9441.0,9804.0,,10
1774789858,118.623337,118.664802,0.7425314621427263,0.7189563389365946,107.4201680672269,106.34453781512605,12783.0,12655.0,,10
1943520067,118.864008,118.39228299999999,0.4256652845040983,0.32215508507359664,83.94957983193277,50.771186440677965,9990.0,5991.0,,10
197181812,118.899707,118.94163299999998,0.66792935763368,0.3156425098017019,82.4453781512605,81.43697478991596,9811.0,9691.0,,10
2663508704,118.049299,118.96603200000001,0.34173757885523753,0.5234283877725575,75.58474576271186,85.82352941176471,8919.0,10213.0,,10
2852405230,118.95593299999999,119.24716,0.6402833747800871,0.45371614068688104,80.60504201680672,53.588235294117645,9592.0,6377.0,,10
2882986532,118.909771,118.91659299999999,0.5832556162517947,0.6300640533955219,80.89075630252101,82.03361344537815,9626.0,9762.0,,10
2986831233,118.90691199999999,119.209986,0.5625233398236887,0.46010654040065996,82.2016806722689,52.80672268907563,9782.0,6284.0,,10
3053474506,118.72764600000001,118.260816,0.3804381974813298,0.3162410727852946,61.42016806722689,60.3728813559322,7309.0,7124.0,,10
3385079617,118.977466,118.934531,0.5524967185745123,0.5496416522482803,83.65546218487395,80.38655462184875,9955.0,9566.0,,10
3411503267,118.930489,118.921087,0.4123691894938494,0.6533164003125715,81.52100840336135,81.7983193277311,9701.0,9734.0,,10
3497448862,118.91977,118.931319,0.49424811486260856,0.45039072543580394,81.45378151260505,81.01680672268908,9693.0,9641.0,,10
3530267704,118.926727,119.056185,0.6977671864869137,0.6154693011042677,79.78151260504201,79.63865546218487,9494.0,9477.0,,10
3534201447,118.84742600000001,119.24372699999999,0.4582929517263383,0.22583693717601136,76.40336134453781,54.445378151260506,9092.0,6479.0,,10
3724544668,118.93011,118.912302,0.2916288022627701,0.3598820018446142,83.3781512605042,83.33613445378151,9922.0,9917.0,,10
4031530085,118.950135,118.950419,0.28218847227781485,0.45222050488171206,76.3529411764706,79.82352941176471,9086.0,9499.0,,10
4129079762,118.72641600000001,118.664619,0.7288198403001493,0.7503000337838417,103.1344537815126,105.27731092436974,12273.0,12528.0,,10
4163503295,118.89917600000001,118.971911,0.4958674772187777,0.4157499895832524,81.66386554621849,81.02521008403362,9718.0,9642.0,,10
779353579,118.69923700000001,118.65611,0.7919927986262905,0.7220116411548164,106.03361344537815,106.19327731092437,12618.0,12637.0,,10
Differences (Java22 - Java8):,,,,,,,,,,10
seed,total_elapsed_sec_diff,avg_fps_diff,avg_frame_count_diff,sum_frame_count_diff,,,,,,10
1033437363,-0.019211000000012746,0.041326732261892374,2.941176470588246,350.0,,,,,,10
1646684781,-0.08022900000000277,0.17691044759372415,-3.050420168067234,-363.0,,,,,,10
1774789858,-0.041464999999988095,0.023575123206131643,1.0756302521008507,128.0,,,,,,10
1943520067,0.4717250000000064,0.10351019943050166,33.1783933912548,3999.0,,,,,,10
197181812,-0.04192599999997526,0.3522868478319781,1.0084033613445342,120.0,,,,,,10
2663508704,-0.9167330000000078,-0.18169080891731998,-10.238783649052849,-1294.0,,,,,,10
2852405230,-0.29122700000000634,0.18656723409320608,27.016806722689076,3215.0,,,,,,10
2882986532,-0.006821999999985451,-0.04680843714372718,-1.1428571428571388,-136.0,,,,,,10
2986831233,-0.3030740000000094,0.10241679942302878,29.39495798319328,3498.0,,,,,,10
3053474506,0.46683000000000163,0.06419712469603517,1.0472867112946886,185.0,,,,,,10
3385079617,0.042934999999999945,0.002855066326232003,3.268907563025209,389.0,,,,,,10
3411503267,0.00940199999999436,-0.24094721081872217,-0.27731092436974336,-33.0,,,,,,10
3497448862,-0.011549000000002252,0.043857389426804616,0.43697478991596483,52.0,,,,,,10
3530267704,-0.12945799999999963,0.08229788538264604,0.1428571428571388,17.0,,,,,,10
3534201447,-0.3963009999999798,0.23245601455032697,21.957983193277308,2613.0,,,,,,10
3724544668,0.017808000000002266,-0.06825319958184412,0.042016806722685374,5.0,,,,,,10
4031530085,-0.00028399999999351166,-0.1700320326038972,-3.470588235294116,-413.0,,,,,,10
4129079762,0.06179700000001276,-0.021480193483692345,-2.142857142857139,-255.0,,,,,,10
4163503295,-0.07273499999999444,0.08011748763552534,0.6386554621848717,76.0,,,,,,10
779353579,0.04312700000001257,0.06998115747147404,-0.15966386554622147,-19.0,,,,,,10
8,1943520067,119,1789.025,120745.134,118956.10900000001,118.95610900000001,0.3615146326933489,77.71428571428571,9248.0,6
22,4031530085,119,1968.42,120917.895,118949.475,118.949475,0.40193742251105474,80.66386554621849,9599.0,6
22,3530267704,119,2041.277,120942.164,118900.887,118.900887,0.7159942475215456,81.2016806722689,9663.0,6
8,3534201447,119,1717.429,120776.43,119059.00099999999,119.059001,0.38313473199026665,82.6470588235294,9835.0,6
8,3724544668,119,1757.704,120733.693,118975.989,118.975989,0.5785896673256863,79.21008403361344,9426.0,6
8,1033437363,119,1737.879,120703.614,118965.735,118.965735,0.6718984443235078,82.96638655462185,9873.0,6
22,4129079762,119,1915.957,120596.201,118680.244,118.680244,0.7640406785736729,103.4453781512605,12310.0,6
8,779353579,119,1696.57,120358.22,118661.65,118.66165,0.7021772739426889,106.2016806722689,12638.0,6
8,197181812,119,1729.843,120645.828,118915.985,118.915985,0.5739544541804923,76.88235294117646,9149.0,6
22,2882986532,119,1962.999,120820.941,118857.94200000001,118.85794200000001,0.6071905609349018,80.52100840336135,9582.0,6
22,2663508704,119,2009.95,120926.412,118916.462,118.916462,0.4374949133915655,79.4201680672269,9451.0,6
8,4163503295,119,1725.841,120737.32,119011.479,119.01147900000001,0.41044525501859846,76.01680672268908,9046.0,6
22,1943520067,119,1925.3,120862.519,118937.219,118.937219,0.7031827445911911,78.34453781512605,9323.0,6
8,3053474506,119,1747.499,120851.21,119103.71100000001,119.103711,0.3203490142316158,60.05042016806723,7146.0,6
8,1774789858,119,1752.223,120420.238,118668.015,118.668015,0.7577979566155463,107.33613445378151,12773.0,6
8,3411503267,119,1724.175,120688.726,118964.55099999999,118.96455099999999,0.5586339711268502,74.5798319327731,8875.0,6
22,2852405230,119,1974.492,120860.072,118885.58,118.88558,0.5890042668577937,83.34453781512605,9918.0,6
22,3724544668,119,1996.951,121009.461,119012.51,119.01250999999999,0.367417397177443,71.58823529411765,8519.0,6
22,1033437363,119,1922.1,120925.062,119002.962,119.002962,0.647807149256271,82.85714285714286,9860.0,6
22,197181812,119,2009.349,120941.463,118932.114,118.932114,0.5110760175232938,80.15966386554622,9539.0,6
22,4163503295,119,1966.627,120898.055,118931.428,118.931428,0.3807186653090011,80.84873949579831,9621.0,6
22,3411503267,119,1899.324,120714.0,118814.676,118.814676,0.5651794237751403,82.04201680672269,9763.0,6
8,4129079762,119,1736.9,120324.995,118588.095,118.588095,0.7643833374167476,105.71428571428571,12580.0,6
8,2986831233,119,1745.319,120620.456,118875.137,118.87513700000001,0.6345034342599222,82.15126050420169,9776.0,6
8,3530267704,119,1842.909,120872.957,119030.048,119.030048,0.5843787909625878,81.70588235294117,9723.0,6
8,3385079617,119,1771.219,120576.196,118804.977,118.804977,0.5797160809398709,81.74789915966386,9728.0,6
22,3053474506,119,2005.019,120599.958,118594.939,118.594939,0.36432424990511947,61.26890756302521,7291.0,6
22,3497448862,119,1917.185,120844.0,118926.815,118.926815,0.6272916400526987,77.70588235294117,9247.0,6
8,3497448862,119,1750.05,120630.075,118880.025,118.88002499999999,0.716263083149633,82.59663865546219,9829.0,6
22,1646684781,119,1933.791,120936.192,119002.401,119.00240099999999,0.4398470314220189,76.94957983193277,9157.0,6
8,1646684781,119,1728.966,120634.89,118905.924,118.905924,0.5517161124872361,80.42857142857143,9571.0,6
22,2986831233,119,2010.888,120937.626,118926.738,118.926738,0.5134457986672302,83.3529411764706,9919.0,6
22,3385079617,119,1978.341,120835.065,118856.724,118.856724,0.6994877645171708,83.6890756302521,9959.0,6
22,1774789858,119,1947.959,120554.714,118606.755,118.606755,0.7375588019334974,106.94117647058823,12726.0,6
8,2663508704,119,1823.534,120773.026,118949.492,118.94949199999999,0.47086683279448466,82.23529411764706,9786.0,6
22,779353579,119,2045.628,120674.183,118628.55500000001,118.628555,0.7645257408480418,107.23529411764706,12761.0,6
22,3534201447,119,1996.537,120850.928,118854.391,118.854391,0.5387521449942277,79.99159663865547,9519.0,6
8,2852405230,119,1788.921,120756.56,118967.639,118.96763899999999,0.2877366389467601,81.6890756302521,9721.0,6
8,4031530085,119,1740.986,120644.238,118903.252,118.903252,0.7345636208873606,84.4873949579832,10054.0,6
8,2882986532,119,1725.932,120810.02,119084.088,119.08408800000001,0.4238595610525314,81.59663865546219,9710.0,6
Pivoted Results:,,,,,,,,,,6
,total_elapsed_sec,total_elapsed_sec,avg_fps,avg_fps,avg_frame_count,avg_frame_count,sum_frame_count,sum_frame_count,,6
java_version,22,8,22,8,22,8,22,8,,6
seed,,,,,,,,,,6
1033437363,119.002962,118.965735,0.647807149256271,0.6718984443235078,82.85714285714286,82.96638655462185,9860.0,9873.0,,6
1646684781,119.00240099999999,118.905924,0.4398470314220189,0.5517161124872361,76.94957983193277,80.42857142857143,9157.0,9571.0,,6
1774789858,118.606755,118.668015,0.7375588019334974,0.7577979566155463,106.94117647058823,107.33613445378151,12726.0,12773.0,,6
1943520067,118.937219,118.95610900000001,0.7031827445911911,0.3615146326933489,78.34453781512605,77.71428571428571,9323.0,9248.0,,6
197181812,118.932114,118.915985,0.5110760175232938,0.5739544541804923,80.15966386554622,76.88235294117646,9539.0,9149.0,,6
2663508704,118.916462,118.94949199999999,0.4374949133915655,0.47086683279448466,79.4201680672269,82.23529411764706,9451.0,9786.0,,6
2852405230,118.88558,118.96763899999999,0.5890042668577937,0.2877366389467601,83.34453781512605,81.6890756302521,9918.0,9721.0,,6
2882986532,118.85794200000001,119.08408800000001,0.6071905609349018,0.4238595610525314,80.52100840336135,81.59663865546219,9582.0,9710.0,,6
2986831233,118.926738,118.87513700000001,0.5134457986672302,0.6345034342599222,83.3529411764706,82.15126050420169,9919.0,9776.0,,6
3053474506,118.594939,119.103711,0.36432424990511947,0.3203490142316158,61.26890756302521,60.05042016806723,7291.0,7146.0,,6
3385079617,118.856724,118.804977,0.6994877645171708,0.5797160809398709,83.6890756302521,81.74789915966386,9959.0,9728.0,,6
3411503267,118.814676,118.96455099999999,0.5651794237751403,0.5586339711268502,82.04201680672269,74.5798319327731,9763.0,8875.0,,6
3497448862,118.926815,118.88002499999999,0.6272916400526987,0.716263083149633,77.70588235294117,82.59663865546219,9247.0,9829.0,,6
3530267704,118.900887,119.030048,0.7159942475215456,0.5843787909625878,81.2016806722689,81.70588235294117,9663.0,9723.0,,6
3534201447,118.854391,119.059001,0.5387521449942277,0.38313473199026665,79.99159663865547,82.6470588235294,9519.0,9835.0,,6
3724544668,119.01250999999999,118.975989,0.367417397177443,0.5785896673256863,71.58823529411765,79.21008403361344,8519.0,9426.0,,6
4031530085,118.949475,118.903252,0.40193742251105474,0.7345636208873606,80.66386554621849,84.4873949579832,9599.0,10054.0,,6
4129079762,118.680244,118.588095,0.7640406785736729,0.7643833374167476,103.4453781512605,105.71428571428571,12310.0,12580.0,,6
4163503295,118.931428,119.01147900000001,0.3807186653090011,0.41044525501859846,80.84873949579831,76.01680672268908,9621.0,9046.0,,6
779353579,118.628555,118.66165,0.7645257408480418,0.7021772739426889,107.23529411764706,106.2016806722689,12761.0,12638.0,,6
Differences (Java22 - Java8):,,,,,,,,,,6
seed,total_elapsed_sec_diff,avg_fps_diff,avg_frame_count_diff,sum_frame_count_diff,,,,,,6
1033437363,0.03722700000000145,-0.02409129506723673,-0.10924369747898766,-13.0,,,,,,6
1646684781,0.09647699999999304,-0.11186908106521715,-3.4789915966386644,-414.0,,,,,,6
1774789858,-0.0612599999999901,-0.020239154682048843,-0.39495798319327946,-47.0,,,,,,6
1943520067,-0.018890000000013174,0.34166811189784224,0.6302521008403374,75.0,,,,,,6
197181812,0.01612899999999229,-0.0628784366571985,3.2773109243697576,390.0,,,,,,6
2663508704,-0.03302999999999656,-0.03337191940291917,-2.8151260504201616,-335.0,,,,,,6
2852405230,-0.08205899999998678,0.3012676279110336,1.6554621848739401,197.0,,,,,,6
2882986532,-0.22614599999999996,0.18333099988237034,-1.0756302521008365,-128.0,,,,,,6
2986831233,0.051600999999990904,-0.121057635592692,1.2016806722689068,143.0,,,,,,6
3053474506,-0.5087720000000076,0.04397523567350364,1.2184873949579824,145.0,,,,,,6
3385079617,0.05174700000000598,0.11977168357729984,1.9411764705882462,231.0,,,,,,6
3411503267,-0.14987499999998022,0.006545452648290095,7.462184873949582,888.0,,,,,,6
3497448862,0.04679000000001565,-0.08897144309693439,-4.890756302521012,-582.0,,,,,,6
3530267704,-0.1291609999999963,0.1316154565589578,-0.5042016806722671,-60.0,,,,,,6
3534201447,-0.2046099999999882,0.1556174130039611,-2.65546218487394,-316.0,,,,,,6
3724544668,0.036520999999993364,-0.2111722701482433,-7.621848739495789,-907.0,,,,,,6
4031530085,0.04622300000001189,-0.33262619837630586,-3.82352941176471,-455.0,,,,,,6
4129079762,0.09214900000000625,-0.00034265884307471683,-2.268907563025209,-270.0,,,,,,6
4163503295,-0.08005100000001164,-0.02972658970959735,4.83193277310923,575.0,,,,,,6
779353579,-0.03309499999998877,0.062348466905352895,1.0336134453781511,123.0,,,,,,6
8,1943520067,119,1728.313,121000.438,119272.125,119.272125,0.2510669507960588,52.168067226890756,6208.0,9
22,4031530085,119,1908.867,120796.756,118887.889,118.887889,0.44306983432406116,75.18487394957984,8947.0,9
22,3530267704,119,1961.468,120946.887,118985.41900000001,118.98541900000001,0.317800680068411,78.3109243697479,9319.0,9
8,3534201447,119,1797.05,120856.192,119059.14199999999,119.059142,0.2605848050057467,55.79831932773109,6640.0,9
8,3724544668,119,1720.646,120602.275,118881.629,118.881629,0.3071222592395131,80.36134453781513,9563.0,9
8,1033437363,119,1757.796,120672.992,118915.196,118.915196,0.5978744487790775,82.18487394957984,9780.0,9
22,4129079762,119,1901.768,120686.833,118785.065,118.785065,0.7238619611701852,103.61344537815125,12330.0,9
8,779353579,119,1777.567,120422.853,118645.28600000001,118.64528600000001,0.7686605947817196,106.30252100840336,12650.0,9
8,197181812,119,1772.896,120735.784,118962.888,118.962888,0.43762327028735837,80.42857142857143,9571.0,9
22,2882986532,119,1873.756,120805.343,118931.587,118.931587,0.5945132939964424,78.6470588235294,9359.0,9
22,2663508704,119,2023.591,121014.001,118990.41,118.99041,0.6064236052243651,83.5126050420168,9938.0,9
8,4163503295,119,1721.958,120688.348,118966.39,118.96639,0.3463562687418803,77.30252100840336,9199.0,9
22,1943520067,119,2001.509,120882.635,118881.12599999999,118.881126,0.6316501418139413,82.75630252100841,9848.0,9
8,3053474506,119,1722.323,120968.469,119246.146,119.246146,0.3234158125116392,60.20168067226891,7164.0,9
8,1774789858,119,1738.141,120321.639,118583.49799999999,118.58349799999999,0.7460113030373822,107.42857142857143,12784.0,9
8,3411503267,119,1734.8,120915.774,119180.974,119.180974,0.1824265162851245,53.20168067226891,6331.0,9
22,2852405230,119,1991.28,120897.167,118905.887,118.905887,0.4078098389566229,83.71428571428571,9962.0,9
22,3724544668,119,1972.765,120901.695,118928.93000000001,118.92893000000001,0.5139410706419985,80.12605042016807,9535.0,9
22,1033437363,119,1981.221,120943.91,118962.689,118.962689,0.5486392960669338,83.98319327731092,9994.0,9
22,197181812,119,1911.51,120806.101,118894.591,118.894591,0.558365500694608,81.21008403361344,9664.0,9
22,4163503295,119,2005.79,120867.761,118861.971,118.86197100000001,0.5341792622434562,79.6470588235294,9478.0,9
22,3411503267,118,2032.266,120024.285,117992.019,117.992019,0.4922598543183858,80.20338983050847,9464.0,9
8,4129079762,119,1749.072,120370.427,118621.355,118.621355,0.726288213585185,105.07563025210084,12504.0,9
8,2986831233,118,1775.42,120099.118,118323.698,118.32369800000001,0.32057362887108937,52.69491525423729,6218.0,9
8,3530267704,119,1750.923,120697.368,118946.445,118.94644500000001,0.487210296334515,80.78991596638656,9614.0,9
8,3385079617,119,1711.275,120667.493,118956.21800000001,118.956218,0.3877533880095762,79.77310924369748,9493.0,9
22,3053474506,119,1952.064,120731.11,118779.046,118.77904600000001,0.34131062233382875,61.39495798319328,7306.0,9
22,3497448862,119,1927.179,120885.521,118958.34199999999,118.95834199999999,0.6074983224797835,84.85714285714286,10098.0,9
8,3497448862,119,1749.493,120690.455,118940.962,118.940962,0.297028717917964,80.29411764705883,9555.0,9
22,1646684781,119,2018.837,120884.939,118866.102,118.866102,0.6752170233700113,81.43697478991596,9691.0,9
8,1646684781,119,1744.236,120670.253,118926.01699999999,118.92601699999999,0.639716476164454,81.65546218487395,9717.0,9
22,2986831233,119,1983.404,120933.891,118950.48700000001,118.95048700000001,0.5257698203019593,77.36974789915966,9207.0,9
22,3385079617,119,1955.52,120838.882,118883.362,118.88336199999999,0.47975339796862176,78.76470588235294,9373.0,9
22,1774789858,119,2018.686,120672.734,118654.048,118.65404799999999,0.7442903012572044,107.12605042016807,12748.0,9
8,2663508704,119,1758.253,120665.807,118907.554,118.907554,0.525389329204225,80.3529411764706,9562.0,9
22,779353579,119,1978.781,120583.692,118604.911,118.60491099999999,0.7879318386125459,106.53781512605042,12678.0,9
22,3534201447,119,1982.106,120969.571,118987.465,118.987465,0.4396864624779924,78.89075630252101,9388.0,9
8,2852405230,119,1751.577,120680.975,118929.398,118.929398,0.5948012222032242,81.72268907563026,9725.0,9
8,4031530085,119,1763.672,120762.069,118998.397,118.998397,0.40296516536327215,78.3529411764706,9324.0,9
8,2882986532,119,1741.14,120635.923,118894.783,118.89478299999999,0.5391149361297648,76.66386554621849,9123.0,9
Pivoted Results:,,,,,,,,,,9
,total_elapsed_sec,total_elapsed_sec,avg_fps,avg_fps,avg_frame_count,avg_frame_count,sum_frame_count,sum_frame_count,,9
java_version,22,8,22,8,22,8,22,8,,9
seed,,,,,,,,,,9
1033437363,118.962689,118.915196,0.5486392960669338,0.5978744487790775,83.98319327731092,82.18487394957984,9994.0,9780.0,,9
1646684781,118.866102,118.92601699999999,0.6752170233700113,0.639716476164454,81.43697478991596,81.65546218487395,9691.0,9717.0,,9
1774789858,118.65404799999999,118.58349799999999,0.7442903012572044,0.7460113030373822,107.12605042016807,107.42857142857143,12748.0,12784.0,,9
1943520067,118.881126,119.272125,0.6316501418139413,0.2510669507960588,82.75630252100841,52.168067226890756,9848.0,6208.0,,9
197181812,118.894591,118.962888,0.558365500694608,0.43762327028735837,81.21008403361344,80.42857142857143,9664.0,9571.0,,9
2663508704,118.99041,118.907554,0.6064236052243651,0.525389329204225,83.5126050420168,80.3529411764706,9938.0,9562.0,,9
2852405230,118.905887,118.929398,0.4078098389566229,0.5948012222032242,83.71428571428571,81.72268907563026,9962.0,9725.0,,9
2882986532,118.931587,118.89478299999999,0.5945132939964424,0.5391149361297648,78.6470588235294,76.66386554621849,9359.0,9123.0,,9
2986831233,118.95048700000001,118.32369800000001,0.5257698203019593,0.32057362887108937,77.36974789915966,52.69491525423729,9207.0,6218.0,,9
3053474506,118.77904600000001,119.246146,0.34131062233382875,0.3234158125116392,61.39495798319328,60.20168067226891,7306.0,7164.0,,9
3385079617,118.88336199999999,118.956218,0.47975339796862176,0.3877533880095762,78.76470588235294,79.77310924369748,9373.0,9493.0,,9
3411503267,117.992019,119.180974,0.4922598543183858,0.1824265162851245,80.20338983050847,53.20168067226891,9464.0,6331.0,,9
3497448862,118.95834199999999,118.940962,0.6074983224797835,0.297028717917964,84.85714285714286,80.29411764705883,10098.0,9555.0,,9
3530267704,118.98541900000001,118.94644500000001,0.317800680068411,0.487210296334515,78.3109243697479,80.78991596638656,9319.0,9614.0,,9
3534201447,118.987465,119.059142,0.4396864624779924,0.2605848050057467,78.89075630252101,55.79831932773109,9388.0,6640.0,,9
3724544668,118.92893000000001,118.881629,0.5139410706419985,0.3071222592395131,80.12605042016807,80.36134453781513,9535.0,9563.0,,9
4031530085,118.887889,118.998397,0.44306983432406116,0.40296516536327215,75.18487394957984,78.3529411764706,8947.0,9324.0,,9
4129079762,118.785065,118.621355,0.7238619611701852,0.726288213585185,103.61344537815125,105.07563025210084,12330.0,12504.0,,9
4163503295,118.86197100000001,118.96639,0.5341792622434562,0.3463562687418803,79.6470588235294,77.30252100840336,9478.0,9199.0,,9
779353579,118.60491099999999,118.64528600000001,0.7879318386125459,0.7686605947817196,106.53781512605042,106.30252100840336,12678.0,12650.0,,9
Differences (Java22 - Java8):,,,,,,,,,,9
seed,total_elapsed_sec_diff,avg_fps_diff,avg_frame_count_diff,sum_frame_count_diff,,,,,,9
1033437363,0.047493000000002894,-0.049235152712143626,1.798319327731079,214.0,,,,,,9
1646684781,-0.059914999999989504,0.03550054720555729,-0.21848739495798952,-26.0,,,,,,9
1774789858,0.07054999999999723,-0.0017210017801777555,-0.30252100840336027,-36.0,,,,,,9
1943520067,-0.39099900000000787,0.3805831910178825,30.588235294117652,3640.0,,,,,,9
197181812,-0.06829700000000116,0.12074223040724963,0.7815126050420105,93.0,,,,,,9
2663508704,0.08285599999999249,0.08103427602014013,3.1596638655462073,376.0,,,,,,9
2852405230,-0.02351099999999917,-0.18699138324660125,1.9915966386554516,237.0,,,,,,9
2882986532,0.03680400000000361,0.05539835786667757,1.9831932773109173,236.0,,,,,,9
2986831233,0.6267890000000023,0.20519619143086992,24.674832644922375,2989.0,,,,,,9
3053474506,-0.46709999999998786,0.01789480982218955,1.1932773109243726,142.0,,,,,,9
3385079617,-0.0728560000000158,0.09200000995904556,-1.0084033613445342,-120.0,,,,,,9
3411503267,-1.188955000000007,0.3098333380332613,27.001709158239564,3133.0,,,,,,9
3497448862,0.017379999999988627,0.31046960456181955,4.563025210084035,543.0,,,,,,9
3530267704,0.03897399999999607,-0.169409616266104,-2.4789915966386644,-295.0,,,,,,9
3534201447,-0.071676999999994,0.1791016574722457,23.09243697478992,2748.0,,,,,,9
3724544668,0.04730100000000448,0.20681881140248537,-0.235294117647058,-28.0,,,,,,9
4031530085,-0.11050799999999583,0.040104668960789014,-3.1680672268907557,-377.0,,,,,,9
4129079762,0.1637100000000089,-0.00242625241499983,-1.4621848739495817,-174.0,,,,,,9
4163503295,-0.10441899999999293,0.18782299350157594,2.3445378151260456,279.0,,,,,,9
779353579,-0.04037500000002581,0.019271243830826346,0.235294117647058,28.0,,,,,,9
8,1943520067,118,1757.814,120062.04,118304.226,118.304226,0.4210496279503817,56.559322033898304,6674.0,7
22,4031530085,119,1911.339,120844.445,118933.106,118.933106,0.5627239855083486,81.05042016806723,9645.0,7
22,3530267704,119,1944.247,120900.885,118956.63799999999,118.956638,0.5921360557196608,80.85714285714286,9622.0,7
8,3534201447,119,1726.834,120943.005,119216.171,119.216171,0.3511273680313092,53.529411764705884,6370.0,7
8,3724544668,119,1730.91,120606.224,118875.314,118.875314,0.6211816809048285,84.6470588235294,10073.0,7
8,1033437363,119,1714.981,120633.641,118918.66,118.91866,0.6165370033629641,79.54621848739495,9466.0,7
22,4129079762,119,1963.175,120601.51,118638.33499999999,118.638335,0.744796618031287,104.0672268907563,12384.0,7
8,779353579,119,1722.548,120285.043,118562.49500000001,118.56249500000001,0.7276690848772788,105.88235294117646,12600.0,7
8,197181812,119,1736.83,120715.751,118978.921,118.978921,0.5044876684960945,81.24369747899159,9668.0,7
22,2882986532,119,1982.266,120908.458,118926.192,118.926192,0.743531269084089,80.26890756302521,9552.0,7
22,2663508704,119,1970.209,120811.667,118841.458,118.841458,0.5035048317024703,79.49579831932773,9460.0,7
8,4163503295,118,1751.469,120018.446,118266.977,118.266977,0.4438798424451486,52.152542372881356,6154.0,7
22,1943520067,119,1973.966,120998.004,119024.038,119.024038,0.47780263517284155,79.31932773109244,9439.0,7
8,3053474506,119,1732.931,120904.966,119172.035,119.17203500000001,0.3406049686435184,60.3109243697479,7177.0,7
8,1774789858,119,1739.875,120446.621,118706.746,118.706746,0.696027332385669,105.53781512605042,12559.0,7
8,3411503267,119,1747.039,120656.531,118909.492,118.909492,0.4857004786530795,79.94117647058823,9513.0,7
22,2852405230,119,1915.031,120819.211,118904.18,118.90418,0.6209650748894859,82.09243697478992,9769.0,7
22,3724544668,119,1919.73,120965.649,119045.91900000001,119.04591900000001,0.3406222023995255,74.94117647058823,8918.0,7
22,1033437363,119,1914.64,120834.485,118919.845,118.919845,0.5695781752249334,79.21848739495799,9427.0,7
22,197181812,119,1939.768,120935.296,118995.528,118.99552800000001,0.6502830431296255,78.31932773109244,9320.0,7
22,4163503295,119,1973.413,120994.091,119020.678,119.020678,0.5179994026419268,80.02521008403362,9523.0,7
22,3411503267,119,1959.09,120930.503,118971.413,118.971413,0.7211252590825376,75.58823529411765,8995.0,7
8,4129079762,119,1791.02,120453.67,118662.65,118.66265,0.7623796175118543,101.60504201680672,12091.0,7
8,2986831233,119,1722.592,120597.704,118875.112,118.87511199999999,0.6991801331020846,81.42857142857143,9690.0,7
8,3530267704,119,1772.731,120990.429,119217.698,119.217698,0.3625425147686532,51.747899159663866,6158.0,7
8,3385079617,119,1753.354,120613.439,118860.08499999999,118.860085,0.42510555850096654,84.15126050420169,10014.0,7
22,3053474506,119,1917.999,120566.379,118648.38,118.64838,0.38619294898416473,61.42016806722689,7309.0,7
22,3497448862,119,1922.903,120884.816,118961.913,118.961913,0.48732984130972096,80.70588235294117,9604.0,7
8,3497448862,119,1724.17,120608.387,118884.217,118.884217,0.5101308696183041,79.73949579831933,9489.0,7
22,1646684781,119,1892.415,120832.88,118940.46500000001,118.94046500000002,0.6252945372555035,77.60504201680672,9235.0,7
8,1646684781,118,1752.064,120019.563,118267.499,118.267499,0.32674553132003636,48.855932203389834,5765.0,7
22,2986831233,119,1988.703,120892.39,118903.687,118.903687,0.6874371761587591,77.85714285714286,9265.0,7
22,3385079617,119,1966.961,120954.282,118987.32100000001,118.98732100000001,0.6307275458848749,80.5126050420168,9581.0,7
22,1774789858,119,1980.989,120667.975,118686.986,118.686986,0.7210056717613402,107.25210084033614,12763.0,7
8,2663508704,118,1752.751,120023.511,118270.76,118.27076,0.25076562322760254,55.45762711864407,6544.0,7
22,779353579,119,1966.436,120631.669,118665.233,118.66523299999999,0.7829267007362307,106.26890756302521,12646.0,7
22,3534201447,119,1968.731,120960.37,118991.639,118.99163899999999,0.6066945593934102,79.67226890756302,9481.0,7
8,2852405230,119,1790.44,120723.42,118932.98,118.93298,0.5492877392876858,83.29411764705883,9912.0,7
8,4031530085,119,1740.837,120622.052,118881.215,118.881215,0.43762844062949,79.01680672268908,9403.0,7
8,2882986532,119,1762.492,120662.432,118899.94,118.89994,0.5903207321831172,83.3109243697479,9914.0,7
Pivoted Results:,,,,,,,,,,7
,total_elapsed_sec,total_elapsed_sec,avg_fps,avg_fps,avg_frame_count,avg_frame_count,sum_frame_count,sum_frame_count,,7
java_version,22,8,22,8,22,8,22,8,,7
seed,,,,,,,,,,7
1033437363,118.919845,118.91866,0.5695781752249334,0.6165370033629641,79.21848739495799,79.54621848739495,9427.0,9466.0,,7
1646684781,118.94046500000002,118.267499,0.6252945372555035,0.32674553132003636,77.60504201680672,48.855932203389834,9235.0,5765.0,,7
1774789858,118.686986,118.706746,0.7210056717613402,0.696027332385669,107.25210084033614,105.53781512605042,12763.0,12559.0,,7
1943520067,119.024038,118.304226,0.47780263517284155,0.4210496279503817,79.31932773109244,56.559322033898304,9439.0,6674.0,,7
197181812,118.99552800000001,118.978921,0.6502830431296255,0.5044876684960945,78.31932773109244,81.24369747899159,9320.0,9668.0,,7
2663508704,118.841458,118.27076,0.5035048317024703,0.25076562322760254,79.49579831932773,55.45762711864407,9460.0,6544.0,,7
2852405230,118.90418,118.93298,0.6209650748894859,0.5492877392876858,82.09243697478992,83.29411764705883,9769.0,9912.0,,7
2882986532,118.926192,118.89994,0.743531269084089,0.5903207321831172,80.26890756302521,83.3109243697479,9552.0,9914.0,,7
2986831233,118.903687,118.87511199999999,0.6874371761587591,0.6991801331020846,77.85714285714286,81.42857142857143,9265.0,9690.0,,7
3053474506,118.64838,119.17203500000001,0.38619294898416473,0.3406049686435184,61.42016806722689,60.3109243697479,7309.0,7177.0,,7
3385079617,118.98732100000001,118.860085,0.6307275458848749,0.42510555850096654,80.5126050420168,84.15126050420169,9581.0,10014.0,,7
3411503267,118.971413,118.909492,0.7211252590825376,0.4857004786530795,75.58823529411765,79.94117647058823,8995.0,9513.0,,7
3497448862,118.961913,118.884217,0.48732984130972096,0.5101308696183041,80.70588235294117,79.73949579831933,9604.0,9489.0,,7
3530267704,118.956638,119.217698,0.5921360557196608,0.3625425147686532,80.85714285714286,51.747899159663866,9622.0,6158.0,,7
3534201447,118.99163899999999,119.216171,0.6066945593934102,0.3511273680313092,79.67226890756302,53.529411764705884,9481.0,6370.0,,7
3724544668,119.04591900000001,118.875314,0.3406222023995255,0.6211816809048285,74.94117647058823,84.6470588235294,8918.0,10073.0,,7
4031530085,118.933106,118.881215,0.5627239855083486,0.43762844062949,81.05042016806723,79.01680672268908,9645.0,9403.0,,7
4129079762,118.638335,118.66265,0.744796618031287,0.7623796175118543,104.0672268907563,101.60504201680672,12384.0,12091.0,,7
4163503295,119.020678,118.266977,0.5179994026419268,0.4438798424451486,80.02521008403362,52.152542372881356,9523.0,6154.0,,7
779353579,118.66523299999999,118.56249500000001,0.7829267007362307,0.7276690848772788,106.26890756302521,105.88235294117646,12646.0,12600.0,,7
Differences (Java22 - Java8):,,,,,,,,,,7
seed,total_elapsed_sec_diff,avg_fps_diff,avg_frame_count_diff,sum_frame_count_diff,,,,,,7
1033437363,0.001184999999992442,-0.04695882813803076,-0.32773109243696297,-39.0,,,,,,7
1646684781,0.6729660000000166,0.2985490059354672,28.749109813416887,3470.0,,,,,,7
1774789858,-0.019759999999990896,0.024978339375671177,1.7142857142857224,204.0,,,,,,7
1943520067,0.7198120000000046,0.05675300722245985,22.76000569719414,2765.0,,,,,,7
197181812,0.016607000000007588,0.14579537463353098,-2.9243697478991493,-348.0,,,,,,7
2663508704,0.5706980000000073,0.25273920847486775,24.038171200683664,2916.0,,,,,,7
2852405230,-0.028800000000003934,0.07167733560180012,-1.2016806722689068,-143.0,,,,,,7
2882986532,0.026251999999999498,0.15321053690097175,-3.0420168067226854,-362.0,,,,,,7
2986831233,0.02857500000001778,-0.0117429569433255,-3.5714285714285694,-425.0,,,,,,7
3053474506,-0.5236550000000051,0.04558798034064632,1.1092436974789877,132.0,,,,,,7
3385079617,0.12723600000001056,0.20562198738390836,-3.638655462184886,-433.0,,,,,,7
3411503267,0.061920999999998116,0.23542478042945802,-4.35294117647058,-518.0,,,,,,7
3497448862,0.07769599999998889,-0.02280102830858316,0.9663865546218489,115.0,,,,,,7
3530267704,-0.2610600000000005,0.2295935409510076,29.109243697478995,3464.0,,,,,,7
3534201447,-0.2245320000000106,0.25556719136210104,26.14285714285714,3111.0,,,,,,7
3724544668,0.170605000000009,-0.280559478505303,-9.705882352941174,-1155.0,,,,,,7
4031530085,0.05189099999999769,0.12509554487885854,2.033613445378151,242.0,,,,,,7
4129079762,-0.02431500000000142,-0.017582999480567296,2.4621848739495817,293.0,,,,,,7
4163503295,0.7537010000000066,0.07411956019677818,27.87266771115226,3369.0,,,,,,7
779353579,0.1027379999999738,0.05525761585895195,0.38655462184874523,46.0,,,,,,7
